Date,Time,SET,Value,2D,Modern,Internet
2023-02-02,11:00:00,"1,687.65","34,987.89",57,0,0
2023-02-02,12:01:00,"1,687.65","34,987.89",57,0,0
2023-02-02,15:00:00,"1,682.58","62,319.50",89,0,0
2023-02-02,16:30:00,"1,682.58","62,319.50",89,0,0
2023-02-03,11:00:00,"1,686.62","34,659.98",29,0,0
2023-02-03,12:01:00,"1,686.62","34,659.98",29,0,0
2023-02-03,15:00:00,"1,688.36","58,565.35",65,0,0
2023-02-03,16:30:00,"1,688.36","58,565.35",65,0,0
2023-02-06,11:00:00,"1,685.17","28,018.02",78,0,0
2023-02-06,12:01:00,"1,685.17","28,018.02",78,0,0
2023-02-06,15:00:00,"1,682.11","47,888.62",18,0,0
2023-02-06,16:30:00,"1,682.11","47,888.62",18,0,0
2023-02-07,11:00:00,"1,679.61","36,941.30",11,0,0
2023-02-07,12:01:00,"1,679.61","36,941.30",11,0,0
2023-02-07,15:00:00,"1,680.49","61,463.79",93,0,0
2023-02-07,16:30:00,"1,680.49","61,463.79",93,0,0
2023-02-08,11:00:00,"1,676.47","31,076.02",76,0,0
2023-02-08,12:01:00,"1,676.47","31,076.02",76,0,0
2023-02-08,15:00:00,"1,670.34","60,522.85",42,0,0
2023-02-08,16:30:00,"1,670.34","60,522.85",42,0,0
2023-02-09,11:00:00,"1,664.41","35,609.32",19,0,0
2023-02-09,12:01:00,"1,664.41","35,609.32",19,0,0
2023-02-09,15:00:00,"1,669.17","63,487.16",77,0,0
2023-02-09,16:30:00,"1,669.17","63,487.16",77,0,0
2023-02-10,11:00:00,"1,664.42","32,929.25",29,0,0
2023-02-10,12:01:00,"1,664.42","32,929.25",29,0,0
2023-02-10,15:00:00,"1,664.57","58,917.38",77,0,0
2023-02-10,16:30:00,"1,664.57","58,917.38",77,0,0
2023-02-13,11:00:00,"1,665.88","30,488.37",88,0,0
2023-02-13,12:01:00,"1,665.88","30,488.37",88,0,0
2023-02-13,15:00:00,"1,664.89","52,860.52",90,0,0
2023-02-13,16:30:00,"1,664.89","52,860.52",90,0,0
2023-02-14,11:00:00,"1,658.75","36,019.83",59,0,0
2023-02-14,12:01:00,"1,658.75","36,019.83",59,0,0
2023-02-14,15:00:00,"1,652.76","70,518.69",68,0,0
2023-02-14,16:30:00,"1,652.76","70,518.69",68,0,0
2023-02-15,11:00:00,"1,651.99","79,206.02",96,0,0
2023-02-15,12:01:00,"1,651.99","79,206.02",96,0,0
2023-02-15,15:00:00,"1,647.39","11,422.61",92,0,0
2023-02-15,16:30:00,"1,647.39","11,422.61",92,0,0
2023-02-16,11:00:00,"1,658.08","37,423.18",83,0,0
2023-02-16,12:01:00,"1,658.08","37,423.18",83,0,0
2023-02-16,15:00:00,"1,658.29","63,734.90",94,0,0
2023-02-16,16:30:00,"1,658.29","63,734.90",94,0,0
2023-02-17,11:00:00,"1,652.09","29,963.97",93,0,0
2023-02-17,12:01:00,"1,652.09","29,963.97",93,0,0
2023-02-17,15:00:00,"1,651.67","53,413.46",73,0,0
2023-02-17,16:30:00,"1,651.67","53,413.46",73,0,0
2023-02-20,11:00:00,"1,656.01","26,309.98",19,0,0
2023-02-20,12:01:00,"1,656.01","26,309.98",19,0,0
2023-02-20,15:00:00,"1,657.69","53,391.41",91,0,0
2023-02-20,16:30:00,"1,657.69","53,391.41",91,0,0
2023-02-21,11:00:00,"1,655.57","31,352.34",72,0,0
2023-02-21,12:01:00,"1,655.57","31,352.34",72,0,0
2023-02-21,15:00:00,"1,668.63","66,040.26",30,0,0
2023-02-21,16:30:00,"1,668.63","66,040.26",30,0,0
2023-02-22,11:00:00,"1,663.67","31,045.93",75,0,0
2023-02-22,12:01:00,"1,663.67","31,045.93",75,0,0
2023-02-22,15:00:00,"1,659.48","55,106.24",86,0,0
2023-02-22,16:30:00,"1,659.48","55,106.24",86,0,0
2023-02-23,11:00:00,"1,652.06","33,241.70",61,0,0
2023-02-23,12:01:00,"1,652.06","33,241.70",61,0,0
2023-02-23,15:00:00,"1,652.47","56,102.34",72,0,0
2023-02-23,16:30:00,"1,652.47","56,102.34",72,0,0
2023-02-24,11:00:00,"1,639.65","39,058.13",58,0,0
2023-02-24,12:01:00,"1,639.65","39,058.13",58,0,0
2023-02-24,15:00:00,"1,634.02","67,192.18",22,0,0
2023-02-24,16:30:00,"1,634.02","67,192.18",22,0,0
2023-02-27,11:00:00,"1,630.23","32,663.03",33,0,0
2023-02-27,12:01:00,"1,630.23","32,663.03",33,0,0
2023-02-27,15:00:00,"1,627.35","54,202.34",52,0,0
2023-02-27,16:30:00,"1,627.35","54,202.34",52,0,0
2023-02-28,11:00:00,"1,624.03","31,204.75",34,0,0
2023-02-28,12:01:00,"1,624.03","31,204.75",34,0,0
2023-02-28,15:00:00,"1,622.35","80,307.99",57,0,0
2023-02-28,16:30:00,"1,622.35","80,307.99",57,0,0
2023-03-01,11:00:00,"1,624.52","30,309.50",29,0,0
2023-03-01,12:01:00,"1,624.52","30,309.50",29,0,0
2023-03-01,15:00:00,"1,619.98","59,129.23",89,0,0
2023-03-01,16:30:00,"1,619.98","59,129.23",89,0,0
2023-03-02,11:00:00,"1,622.97","28,739.42",79,0,0
2023-03-02,12:01:00,"1,622.97","28,739.42",79,0,0
2023-03-02,15:00:00,"1,612.64","67,578.86",48,0,0
2023-03-02,16:30:00,"1,612.64","67,578.86",48,0,0
2023-03-03,11:00:00,"1,605.91","30,657.23",17,0,0
2023-03-03,12:01:00,"1,605.91","30,657.23",17,0,0
2023-03-03,15:00:00,"1,606.88","57,813.46",83,0,0
2023-03-03,16:30:00,"1,606.88","57,813.46",83,0,0
2023-03-07,11:00:00,"1,619.77","30,958.68",78,0,0
2023-03-07,12:01:00,"1,619.77","30,958.68",78,0,0
2023-03-07,15:00:00,"1,618.51","57,540.88",10,0,0
2023-03-07,16:30:00,"1,618.51","57,540.88",10,0,0
2023-03-08,11:00:00,"1,610.25","30,237.98",57,0,0
2023-03-08,12:01:00,"1,610.25","30,237.98",57,0,0
2023-03-08,15:00:00,"1,612.60","59,250.43",60,0,0
2023-03-08,16:30:00,"1,612.60","59,250.43",60,0,0
2023-03-09,11:00:00,"1,619.23","30,925.85",35,0,0
2023-03-09,12:01:00,"1,619.23","30,925.85",35,0,0
2023-03-09,15:00:00,"1,614.22","59,540.43",20,0,0
2023-03-09,16:30:00,"1,614.22","59,540.43",20,0,0
2023-03-10,11:00:00,"1,605.75","22,414.92",54,0,0
2023-03-10,12:01:00,"1,605.75","22,414.92",54,0,0
2023-03-10,15:00:00,"1,599.65","49,261.04",51,0,0
2023-03-10,16:30:00,"1,599.65","49,261.04",51,0,0
2023-03-13,11:00:00,"1,599.22","36,020.05",20,0,0
2023-03-13,12:01:00,"1,599.22","36,020.05",20,0,0
2023-03-13,15:00:00,"1,573.07","79,662.39",72,0,0
2023-03-13,16:30:00,"1,573.07","79,662.39",72,0,0
2023-03-14,11:00:00,"1,553.20","49,820.17",20,0,0
2023-03-14,12:01:00,"1,553.20","49,820.17",20,0,0
2023-03-14,15:00:00,"1,523.89","10,383.31",93,0,0
2023-03-14,16:30:00,"1,523.89","10,383.31",93,0,0
2023-03-15,11:00:00,"1,561.71","39,460.20",10,0,0
2023-03-15,12:01:00,"1,561.71","39,460.20",10,0,0
2023-03-15,15:00:00,"1,565.00","69,699.24",59,0,0
2023-03-15,16:30:00,"1,565.00","69,699.24",59,0,0
2023-03-16,11:00:00,"1,550.86","38,539.65",69,0,0
2023-03-16,12:01:00,"1,550.86","38,539.65",69,0,0
2023-03-16,15:00:00,"1,554.65","69,665.73",55,0,0
2023-03-16,16:30:00,"1,554.65","69,665.73",55,0,0
2023-03-17,11:00:00,"1,560.25","31,404.00",54,0,0
2023-03-17,12:01:00,"1,560.25","31,404.00",54,0,0
2023-03-17,15:00:00,"1,563.67","73,534.88",74,0,0
2023-03-17,16:30:00,"1,563.67","73,534.88",74,0,0
2023-03-20,11:00:00,"1,564.63","26,300.83",30,0,0
2023-03-20,12:01:00,"1,564.63","26,300.83",30,0,0
2023-03-20,15:00:00,"1,555.45","62,838.25",58,0,0
2023-03-20,16:30:00,"1,555.45","62,838.25",58,0,0
2023-03-21,11:00:00,"1,565.48","24,871.18",81,0,0
2023-03-21,12:01:00,"1,565.48","24,871.18",81,0,0
2023-03-21,15:00:00,"1,577.18","53,355.27",85,0,0
2023-03-21,16:30:00,"1,577.18","53,355.27",85,0,0
2023-03-22,11:00:00,"1,584.42","28,130.36",20,0,0
2023-03-22,12:01:00,"1,584.42","28,130.36",20,0,0
2023-03-22,15:00:00,"1,585.08","51,001.11",81,0,0
2023-03-22,16:30:00,"1,585.08","51,001.11",81,0,0
2023-03-23,11:00:00,"1,592.02","26,150.91",20,0,0
2023-03-23,12:01:00,"1,592.02","26,150.91",20,0,0
2023-03-23,15:00:00,"1,593.65","49,431.84",51,0,0
2023-03-23,16:30:00,"1,593.65","49,431.84",51,0,0
2023-03-24,11:00:00,"1,594.69","24,236.33",96,0,0
2023-03-24,12:01:00,"1,594.69","24,236.33",96,0,0
2023-03-24,15:00:00,"1,591.85","44,924.85",54,0,0
2023-03-24,16:30:00,"1,591.85","44,924.85",54,0,0
2023-03-27,11:00:00,"1,592.52","18,677.20",27,0,0
2023-03-27,12:01:00,"1,592.52","18,677.20",27,0,0
2023-03-27,15:00:00,"1,593.37","36,048.98",78,0,0
2023-03-27,16:30:00,"1,593.37","36,048.98",78,0,0
2023-03-28,11:00:00,"1,603.88","22,404.55",84,0,0
2023-03-28,12:01:00,"1,603.88","22,404.55",84,0,0
2023-03-28,15:00:00,"1,606.91","44,685.40",15,0,0
2023-03-28,16:30:00,"1,606.91","44,685.40",15,0,0
2023-03-29,11:00:00,"1,610.01","25,802.18",12,0,0
2023-03-29,12:01:00,"1,610.01","25,802.18",12,0,0
2023-03-29,15:00:00,"1,610.52","44,496.08",26,0,0
2023-03-29,16:30:00,"1,610.52","44,496.08",26,0,0
2023-03-30,11:00:00,"1,602.49","21,977.05",97,0,0
2023-03-30,12:01:00,"1,602.49","21,977.05",97,0,0
2023-03-30,15:00:00,"1,605.42","50,910.02",20,0,0
2023-03-30,16:30:00,"1,605.42","50,910.02",20,0,0
2023-03-31,11:00:00,"1,609.34","21,232.51",42,0,0
2023-03-31,12:01:00,"1,609.34","21,232.51",42,0,0
2023-03-31,15:00:00,"1,609.17","43,168.03",78,0,0
2023-03-31,16:30:00,"1,609.17","43,168.03",78,0,0
2023-04-04,11:00:00,"1,596.77","22,831.58",71,0,0
2023-04-04,12:01:00,"1,596.77","22,831.58",71,0,0
2023-04-04,15:00:00,"1,594.05","41,628.88",58,0,0
2023-04-04,16:30:00,"1,594.05","41,628.88",58,0,0
2023-04-05,11:00:00,"1,583.33","26,123.73",33,0,0
2023-04-05,12:01:00,"1,583.33","26,123.73",33,0,0
2023-04-05,15:00:00,"1,571.13","48,873.95",33,0,0
2023-04-05,16:30:00,"1,571.13","48,873.95",33,0,0
2023-04-07,11:00:00,"1,580.49","20,200.46",90,0,0
2023-04-07,12:01:00,"1,580.49","20,200.46",90,0,0
2023-04-07,15:00:00,"1,577.07","34,001.19",71,0,0
2023-04-07,16:30:00,"1,577.07","34,001.19",71,0,0
2023-04-10,11:00:00,"1,589.03","18,611.23",31,0,0
2023-04-10,12:01:00,"1,589.03","18,611.23",31,0,0
2023-04-10,15:00:00,"1,593.13","36,411.84",31,0,0
2023-04-10,16:30:00,"1,593.13","36,411.84",31,0,0
2023-04-11,11:00:00,"1,593.16","19,262.29",62,0,0
2023-04-11,12:01:00,"1,593.16","19,262.29",62,0,0
2023-04-11,15:00:00,"1,597.10","36,038.63",18,0,0
2023-04-11,16:30:00,"1,597.10","36,038.63",18,0,0
2023-04-12,11:00:00,"1,587.20","22,606.57",26,0,0
2023-04-12,12:01:00,"1,587.20","22,606.57",26,0,0
2023-04-12,15:00:00,"1,592.67","44,756.11",76,0,0
2023-04-12,16:30:00,"1,592.67","44,756.11",76,0,0
2023-04-17,11:00:00,"1,600.15","27,623.81",53,0,0
2023-04-17,12:01:00,"1,600.15","27,623.81",53,0,0
2023-04-17,15:00:00,"1,600.41","46,726.22",16,0,0
2023-04-17,16:30:00,"1,600.41","46,726.22",16,0,0
2023-04-18,11:00:00,"1,595.17","22,134.84",74,0,0
2023-04-18,12:01:00,"1,595.17","22,134.84",74,0,0
2023-04-18,15:00:00,"1,593.85","39,891.84",51,0,0
2023-04-18,16:30:00,"1,593.85","39,891.84",51,0,0
2023-04-19,11:00:00,"1,588.17","28,526.29",76,0,0
2023-04-19,12:01:00,"1,588.17","28,526.29",76,0,0
2023-04-19,15:00:00,"1,580.73","55,197.94",37,0,0
2023-04-19,16:30:00,"1,580.73","55,197.94",37,0,0
2023-04-20,11:00:00,"1,572.99","28,651.15",91,0,0
2023-04-20,12:01:00,"1,572.99","28,651.15",91,0,0
2023-04-20,15:00:00,"1,565.10","57,260.07",10,0,0
2023-04-20,16:30:00,"1,565.10","57,260.07",10,0,0
2023-04-21,11:00:00,"1,560.00","30,841.55",1,0,0
2023-04-21,12:01:00,"1,560.00","30,841.55",1,0,0
2023-04-21,15:00:00,"1,558.36","57,649.47",69,0,0
2023-04-21,16:30:00,"1,558.36","57,649.47",69,0,0
2023-04-24,11:00:00,"1,558.12","19,333.98",23,0,0
2023-04-24,12:01:00,"1,558.12","19,333.98",23,0,0
2023-04-24,15:00:00,"1,557.87","35,491.29",71,0,0
2023-04-24,16:30:00,"1,557.87","35,491.29",71,0,0
2023-04-25,11:00:00,"1,549.00","22,549.36",99,0,0
2023-04-25,12:01:00,"1,549.00","22,549.36",99,0,0
2023-04-25,15:00:00,"1,540.20","46,215.92",25,0,0
2023-04-25,16:30:00,"1,540.20","46,215.92",25,0,0
2023-04-26,11:00:00,"1,545.71","22,014.94",14,0,0
2023-04-26,12:01:00,"1,545.71","22,014.94",14,0,0
2023-04-26,15:00:00,"1,543.95","42,479.54",59,0,0
2023-04-26,16:30:00,"1,543.95","42,479.54",59,0,0
2023-04-27,11:00:00,"1,533.03","22,625.93",35,0,0
2023-04-27,12:01:00,"1,533.03","22,625.93",35,0,0
2023-04-27,15:00:00,"1,531.23","43,638.05",38,0,0
2023-04-27,16:30:00,"1,531.23","43,638.05",38,0,0
2023-04-28,11:00:00,"1,533.12","19,613.72",23,0,0
2023-04-28,12:01:00,"1,533.12","19,613.72",23,0,0
2023-04-28,15:00:00,"1,529.12","45,043.38",23,0,0
2023-04-28,16:30:00,"1,529.12","45,043.38",23,0,0
2023-05-02,11:00:00,"1,523.66","19,517.49",67,0,0
2023-05-02,12:01:00,"1,523.66","19,517.49",67,0,0
2023-05-02,15:00:00,"1,528.43","39,979.71",39,0,0
2023-05-02,16:30:00,"1,528.43","39,979.71",39,0,0
2023-05-03,11:00:00,"1,519.97","31,868.26",78,0,0
2023-05-03,12:01:00,"1,519.97","31,868.26",78,0,0
2023-05-03,15:00:00,"1,533.30","54,974.69",34,0,0
2023-05-03,16:30:00,"1,533.30","54,974.69",34,0,0
2023-05-08,11:00:00,"1,549.31","21,797.44",17,0,0
2023-05-08,12:01:00,"1,549.31","21,797.44",17,0,0
2023-05-08,15:00:00,"1,562.25","54,641.71",51,0,0
2023-05-08,16:30:00,"1,562.25","54,641.71",51,0,0
2023-05-09,11:00:00,"1,565.50","29,282.94",52,0,0
2023-05-09,12:01:00,"1,565.50","29,282.94",52,0,0
2023-05-09,15:00:00,"1,564.66","52,794.94",64,0,0
2023-05-09,16:30:00,"1,564.66","52,794.94",64,0,0
2023-05-10,11:00:00,"1,569.65","26,032.50",52,0,0
2023-05-10,12:01:00,"1,569.65","26,032.50",52,0,0
2023-05-10,15:00:00,"1,569.56","49,967.39",67,0,0
2023-05-10,16:30:00,"1,569.56","49,967.39",67,0,0
2023-05-11,11:00:00,"1,567.70","28,721.44",71,0,0
2023-05-11,12:01:00,"1,567.70","28,721.44",71,0,0
2023-05-11,15:00:00,"1,567.40","52,780.29",40,0,0
2023-05-11,16:30:00,"1,567.40","52,780.29",40,0,0
2023-05-12,11:00:00,"1,552.27","29,657.98",77,0,0
2023-05-12,12:01:00,"1,552.27","29,657.98",77,0,0
2023-05-12,15:00:00,"1,561.35","57,109.23",59,0,0
2023-05-12,16:30:00,"1,561.35","57,109.23",59,0,0
2023-05-15,11:00:00,"1,549.98","38,526.91",86,0,0
2023-05-15,12:01:00,"1,549.98","38,526.91",86,0,0
2023-05-15,15:00:00,"1,541.38","68,382.81",82,0,0
2023-05-15,16:30:00,"1,541.38","68,382.81",82,0,0
2023-05-16,11:00:00,"1,541.31","28,983.63",13,0,0
2023-05-16,12:01:00,"1,541.31","28,983.63",13,0,0
2023-05-16,15:00:00,"1,539.84","53,185.45",45,0,0
2023-05-16,16:30:00,"1,539.84","53,185.45",45,0,0
2023-05-17,11:00:00,"1,521.19","29,462.82",92,0,0
2023-05-17,12:01:00,"1,521.19","29,462.82",92,0,0
2023-05-17,15:00:00,"1,522.74","57,401.27",41,0,0
2023-05-17,16:30:00,"1,522.74","57,401.27",41,0,0
2023-05-18,11:00:00,"1,539.70","28,201.68",71,0,0
2023-05-18,12:01:00,"1,539.70","28,201.68",71,0,0
2023-05-18,15:00:00,"1,526.69","54,749.78",99,0,0
2023-05-18,16:30:00,"1,526.69","54,749.78",99,0,0
2023-05-19,11:00:00,"1,520.99","24,032.34",92,0,0
2023-05-19,12:01:00,"1,520.99","24,032.34",92,0,0
2023-05-19,15:00:00,"1,514.89","47,318.45",98,0,0
2023-05-19,16:30:00,"1,514.89","47,318.45",98,0,0
2023-05-22,11:00:00,"1,517.37","31,554.28",74,0,0
2023-05-22,12:01:00,"1,517.37","31,554.28",74,0,0
2023-05-22,15:00:00,"1,529.24","55,532.65",42,0,0
2023-05-22,16:30:00,"1,529.24","55,532.65",42,0,0
2023-05-23,11:00:00,"1,523.39","25,375.22",95,0,0
2023-05-23,12:01:00,"1,523.39","25,375.22",95,0,0
2023-05-23,15:00:00,"1,534.84","49,772.13",42,0,0
2023-05-23,16:30:00,"1,534.84","49,772.13",42,0,0
2023-05-24,11:00:00,"1,539.81","21,903.42",13,0,0
2023-05-24,12:01:00,"1,539.81","21,903.42",13,0,0
2023-05-24,15:00:00,"1,536.51","44,657.53",17,0,0
2023-05-24,16:30:00,"1,536.51","44,657.53",17,0,0
2023-05-25,11:00:00,"1,535.84","27,384.60",44,0,0
2023-05-25,12:01:00,"1,535.84","27,384.60",44,0,0
2023-05-25,15:00:00,"1,535.42","48,513.80",23,0,0
2023-05-25,16:30:00,"1,535.42","48,513.80",23,0,0
2023-05-26,11:00:00,"1,529.67","20,993.26",73,0,0
2023-05-26,12:01:00,"1,529.67","20,993.26",73,0,0
2023-05-26,15:00:00,"1,530.84","38,787.30",47,0,0
2023-05-26,16:30:00,"1,530.84","38,787.30",47,0,0
2023-05-29,11:00:00,"1,539.07","19,371.94",71,0,0
2023-05-29,12:01:00,"1,539.07","19,371.94",71,0,0
2023-05-29,15:00:00,"1,540.97","37,756.87",76,0,0
2023-05-29,16:30:00,"1,540.97","37,756.87",76,0,0
2023-05-30,11:00:00,"1,536.51","21,712.93",12,0,0
2023-05-30,12:01:00,"1,536.51","21,712.93",12,0,0
2023-05-30,15:00:00,"1,534.81","46,658.70",18,0,0
2023-05-30,16:30:00,"1,534.81","46,658.70",18,0,0
2023-05-31,11:00:00,"1,522.29","22,799.75",99,0,0
2023-05-31,12:01:00,"1,522.29","22,799.75",99,0,0
2023-05-31,15:00:00,"1,533.54","90,640.67",40,0,0
2023-05-31,16:30:00,"1,533.54","90,640.67",40,0,0
2023-06-01,11:00:00,"1,524.44","24,962.88",42,0,0
2023-06-01,12:01:00,"1,524.44","24,962.88",42,0,0
2023-06-01,15:00:00,"1,521.40","48,244.01",44,0,0
2023-06-01,16:30:00,"1,521.40","48,244.01",44,0,0
2023-06-02,11:00:00,"1,529.87","20,863.40",73,0,0
2023-06-02,12:01:00,"1,529.87","20,863.40",73,0,0
2023-06-02,15:00:00,"1,531.20","42,523.30",23,0,0
2023-06-02,16:30:00,"1,531.20","42,523.30",23,0,0
2023-06-05,11:00:00,"1,531.20",0.00,20,0,0
2023-06-05,12:01:00,"1,531.20",0.00,20,0,0
2023-06-05,15:00:00,"1,531.20",0.00,20,0,0
2023-06-05,16:30:00,"1,531.20",0.00,20,0,0
2023-06-06,11:00:00,"1,532.22","26,817.67",27,0,0
2023-06-06,12:01:00,"1,532.22","26,817.67",27,0,0
2023-06-06,15:00:00,"1,528.54","47,223.17",43,0,0
2023-06-06,16:30:00,"1,528.54","47,223.17",43,0,0
2023-06-07,11:00:00,"1,524.80","24,483.83",83,0,0
2023-06-07,12:01:00,"1,524.80","24,483.83",83,0,0
2023-06-07,15:00:00,"1,533.21","50,564.76",14,0,0
2023-06-07,16:30:00,"1,533.21","50,564.76",14,0,0
2023-06-08,11:00:00,"1,535.31","21,838.52",18,0,0
2023-06-08,12:01:00,"1,535.31","21,838.52",18,0,0
2023-06-08,15:00:00,"1,559.50","59,630.89",50,0,0
2023-06-08,16:30:00,"1,559.50","59,630.89",50,0,0
2023-06-09,11:00:00,"1,554.13","22,508.41",38,0,0
2023-06-09,12:01:00,"1,554.13","22,508.41",38,0,0
2023-06-09,15:00:00,"1,555.11","43,293.70",13,0,0
2023-06-09,16:30:00,"1,555.11","43,293.70",13,0,0
2023-06-12,11:00:00,"1,551.05","18,759.59",59,0,0
2023-06-12,12:01:00,"1,551.05","18,759.59",59,0,0
2023-06-12,15:00:00,"1,551.41","31,787.93",17,0,0
2023-06-12,16:30:00,"1,551.41","31,787.93",17,0,0
2023-06-13,11:00:00,"1,561.68","21,019.88",89,0,0
2023-06-13,12:01:00,"1,561.68","21,019.88",89,0,0
2023-06-13,15:00:00,"1,562.40","41,919.69",49,0,0
2023-06-13,16:30:00,"1,562.40","41,919.69",49,0,0
2023-06-14,11:00:00,"1,563.71","18,741.53",11,0,0
2023-06-14,12:01:00,"1,563.71","18,741.53",11,0,0
2023-06-14,15:00:00,"1,561.15","36,838.88",58,0,0
2023-06-14,16:30:00,"1,561.15","36,838.88",58,0,0
2023-06-15,11:00:00,"1,559.36","27,250.47",60,0,0
2023-06-15,12:01:00,"1,559.36","27,250.47",60,0,0
2023-06-15,15:00:00,"1,557.71","47,156.32",16,0,0
2023-06-15,16:30:00,"1,557.71","47,156.32",16,0,0
2023-06-16,11:00:00,"1,558.25","20,111.75",51,0,0
2023-06-16,12:01:00,"1,558.25","20,111.75",51,0,0
2023-06-16,15:00:00,"1,559.39","58,425.33",95,0,0
2023-06-16,16:30:00,"1,559.39","58,425.33",95,0,0
2023-06-19,11:00:00,"1,555.02","17,041.08",21,0,0
2023-06-19,12:01:00,"1,555.02","17,041.08",21,0,0
2023-06-19,15:00:00,"1,556.92","32,866.08",26,0,0
2023-06-19,16:30:00,"1,556.92","32,866.08",26,0,0
2023-06-20,11:00:00,"1,537.91","24,325.48",15,0,0
2023-06-20,12:01:00,"1,537.91","24,325.48",15,0,0
2023-06-20,15:00:00,"1,537.59","45,983.21",93,0,0
2023-06-20,16:30:00,"1,537.59","45,983.21",93,0,0
2023-06-21,11:00:00,"1,521.81","22,312.29",12,0,0
2023-06-21,12:01:00,"1,521.81","22,312.29",12,0,0
2023-06-21,15:00:00,"1,522.12","43,091.32",21,0,0
2023-06-21,16:30:00,"1,522.12","43,091.32",21,0,0
2023-06-22,11:00:00,"1,508.00","24,266.15",86,0,0
2023-06-22,12:01:00,"1,508.00","24,266.15",86,0,0
2023-06-22,15:00:00,"1,509.31","46,825.48",15,0,0
2023-06-22,16:30:00,"1,509.31","46,825.48",15,0,0
2023-06-23,11:00:00,"1,505.55","19,876.64",56,0,0
2023-06-23,12:01:00,"1,505.55","19,876.64",56,0,0
2023-06-23,15:00:00,"1,505.52","33,566.66",26,0,0
2023-06-23,16:30:00,"1,505.52","33,566.66",26,0,0
2023-06-26,11:00:00,"1,488.13","21,241.16",31,0,0
2023-06-26,12:01:00,"1,488.13","21,241.16",31,0,0
2023-06-26,15:00:00,"1,485.32","40,108.08",28,0,0
2023-06-26,16:30:00,"1,485.32","40,108.08",28,0,0
2023-06-27,11:00:00,"1,490.22","15,382.03",22,0,0
2023-06-27,12:01:00,"1,490.22","15,382.03",22,0,0
2023-06-27,15:00:00,"1,478.10","34,786.39",16,0,0
2023-06-27,16:30:00,"1,478.10","34,786.39",16,0,0
2023-06-28,11:00:00,"1,478.01","25,059.56",19,0,0
2023-06-28,12:01:00,"1,478.01","25,059.56",19,0,0
2023-06-28,15:00:00,"1,466.93","48,884.27",34,0,0
2023-06-28,16:30:00,"1,466.93","48,884.27",34,0,0
2023-06-29,11:00:00,"1,486.67","28,638.69",78,0,0
2023-06-29,12:01:00,"1,486.67","28,638.69",78,0,0
2023-06-29,15:00:00,"1,479.57","52,741.17",71,0,0
2023-06-29,16:30:00,"1,479.57","52,741.17",71,0,0
2023-06-30,11:00:00,"1,502.48","31,224.12",84,0,0
2023-06-30,12:01:00,"1,502.48","31,224.12",84,0,0
2023-06-30,15:00:00,"1,503.10","56,920.35",10,0,0
2023-06-30,16:30:00,"1,503.10","56,920.35",10,0,0
2023-07-03,11:00:00,"1,504.91","16,354.13",14,0,0
2023-07-03,12:01:00,"1,504.91","16,354.13",14,0,0
2023-07-03,15:00:00,"1,506.84","32,732.05",42,0,0
2023-07-03,16:30:00,"1,506.84","32,732.05",42,0,0
2023-07-04,11:00:00,"1,516.71","24,280.60",10,0,0
2023-07-04,12:01:00,"1,516.71","24,280.60",10,0,0
2023-07-04,15:00:00,"1,515.31","44,294.35",14,0,0
2023-07-04,16:30:00,"1,515.31","44,294.35",14,0,0
2023-07-05,11:00:00,"1,513.55","17,240.19",50,0,0
2023-07-05,12:01:00,"1,513.55","17,240.19",50,0,0
2023-07-05,15:00:00,"1,508.87","38,565.40",75,0,0
2023-07-05,16:30:00,"1,508.87","38,565.40",75,0,0
2023-07-06,11:00:00,"1,487.73","27,228.56",38,0,0
2023-07-06,12:01:00,"1,487.73","27,228.56",38,0,0
2023-07-06,15:00:00,"1,490.46","45,718.25",68,0,0
2023-07-06,16:30:00,"1,490.46","45,718.25",68,0,0
2023-07-07,11:00:00,"1,491.46","20,925.58",65,0,0
2023-07-07,12:01:00,"1,491.46","20,925.58",65,0,0
2023-07-07,15:00:00,"1,490.51","35,227.98",17,0,0
2023-07-07,16:30:00,"1,490.51","35,227.98",17,0,0
2023-07-10,11:00:00,"1,491.95","18,073.62",53,0,0
2023-07-10,12:01:00,"1,491.95","18,073.62",53,0,0
2023-07-10,15:00:00,"1,496.89","34,045.86",95,0,0
2023-07-10,16:30:00,"1,496.89","34,045.86",95,0,0
2023-07-11,11:00:00,"1,498.51","16,696.00",16,0,0
2023-07-11,12:01:00,"1,498.51","16,696.00",16,0,0
2023-07-11,15:00:00,"1,496.96","34,188.57",68,0,0
2023-07-11,16:30:00,"1,496.96","34,188.57",68,0,0
2023-07-12,11:00:00,"1,502.45","25,032.55",52,0,0
2023-07-12,12:01:00,"1,502.45","25,032.55",52,0,0
2023-07-12,15:00:00,"1,491.14","52,288.15",48,0,0
2023-07-12,16:30:00,"1,491.14","52,288.15",48,0,0
2023-07-13,11:00:00,"1,491.15","21,948.69",58,0,0
2023-07-13,12:01:00,"1,491.15","21,948.69",58,0,0
2023-07-13,15:00:00,"1,494.02","40,447.57",27,0,0
2023-07-13,16:30:00,"1,494.02","40,447.57",27,0,0
2023-07-14,11:00:00,"1,508.37","21,410.93",70,0,0
2023-07-14,12:01:00,"1,508.37","21,410.93",70,0,0
2023-07-14,15:00:00,"1,517.92","43,640.01",20,0,0
2023-07-14,16:30:00,"1,517.92","43,640.01",20,0,0
2023-07-17,11:00:00,"1,526.93","23,826.12",36,0,0
2023-07-17,12:01:00,"1,526.93","23,826.12",36,0,0
2023-07-17,15:00:00,"1,528.77","46,463.28",73,0,0
2023-07-17,16:30:00,"1,528.77","46,463.28",73,0,0
2023-07-18,11:00:00,"1,529.80","23,709.29",89,0,0
2023-07-18,12:01:00,"1,529.80","23,709.29",89,0,0
2023-07-18,15:00:00,"1,535.30","43,928.36",38,0,0
2023-07-18,16:30:00,"1,535.30","43,928.36",38,0,0
2023-07-19,11:00:00,"1,535.84","30,056.79",46,0,0
2023-07-19,12:01:00,"1,535.84","30,056.79",46,0,0
2023-07-19,15:00:00,"1,536.64","51,751.76",41,0,0
2023-07-19,16:30:00,"1,536.64","51,751.76",41,0,0
2023-07-20,11:00:00,"1,533.27","22,275.07",75,0,0
2023-07-20,12:01:00,"1,533.27","22,275.07",75,0,0
2023-07-20,15:00:00,"1,521.18","45,332.13",82,0,0
2023-07-20,16:30:00,"1,521.18","45,332.13",82,0,0
2023-07-21,11:00:00,"1,526.06","29,601.65",61,0,0
2023-07-21,12:01:00,"1,526.06","29,601.65",61,0,0
2023-07-21,15:00:00,"1,529.25","51,702.48",52,0,0
2023-07-21,16:30:00,"1,529.25","51,702.48",52,0,0
2023-07-24,11:00:00,"1,530.03","29,888.95",38,0,0
2023-07-24,12:01:00,"1,530.03","29,888.95",38,0,0
2023-07-24,15:00:00,"1,523.81","50,652.91",12,0,0
2023-07-24,16:30:00,"1,523.81","50,652.91",12,0,0
2023-07-25,11:00:00,"1,522.41","22,971.08",11,0,0
2023-07-25,12:01:00,"1,522.41","22,971.08",11,0,0
2023-07-25,15:00:00,"1,526.30","42,460.61",30,0,0
2023-07-25,16:30:00,"1,526.30","42,460.61",30,0,0
2023-07-26,11:00:00,"1,523.48","18,092.18",82,0,0
2023-07-26,12:01:00,"1,523.48","18,092.18",82,0,0
2023-07-26,15:00:00,"1,524.59","41,255.90",95,0,0
2023-07-26,16:30:00,"1,524.59","41,255.90",95,0,0
2023-07-27,11:00:00,"1,536.24","31,936.84",46,0,0
2023-07-27,12:01:00,"1,536.24","31,936.84",46,0,0
2023-07-27,15:00:00,"1,543.27","62,679.54",79,0,0
2023-07-27,16:30:00,"1,543.27","62,679.54",79,0,0
2023-07-28,11:00:00,"1,543.27","62,686.59",76,0,0
2023-07-28,12:01:00,"1,543.27","62,686.59",76,0,0
2023-07-28,15:00:00,"1,543.27","62,686.59",76,0,0
2023-07-28,16:30:00,"1,543.27","62,686.59",76,0,0
2023-07-31,11:00:00,"1,554.11","31,055.46",15,0,0
2023-07-31,12:01:00,"1,554.11","31,055.46",15,0,0
2023-07-31,15:00:00,"1,556.06","56,268.58",68,0,0
2023-07-31,16:30:00,"1,556.06","56,268.58",68,0,0
2023-08-01,11:00:00,"1,556.06","56,280.67",60,0,0
2023-08-01,12:01:00,"1,556.06","56,280.67",60,0,0
2023-08-01,15:00:00,"1,556.06","56,280.67",60,0,0
2023-08-01,16:30:00,"1,556.06","56,280.67",60,0,0
2023-08-02,11:00:00,"1,548.44","24,863.22",43,0,0
2023-08-02,12:01:00,"1,548.44","24,863.22",43,0,0
2023-08-02,15:00:00,"1,550.28","54,924.46",84,0,0
2023-08-02,16:30:00,"1,550.28","54,924.46",84,0,0
2023-08-03,11:00:00,"1,539.62","23,090.59",20,0,0
2023-08-03,12:01:00,"1,539.62","23,090.59",20,0,0
2023-08-03,15:00:00,"1,529.01","51,342.55",12,0,0
2023-08-03,16:30:00,"1,529.01","51,342.55",12,0,0
2023-08-04,11:00:00,"1,534.85","21,400.48",50,0,0
2023-08-04,12:01:00,"1,534.85","21,400.48",50,0,0
2023-08-04,15:00:00,"1,530.46","44,510.28",60,0,0
2023-08-04,16:30:00,"1,530.46","44,510.28",60,0,0
2023-08-07,11:00:00,"1,520.84","18,819.15",49,0,0
2023-08-07,12:01:00,"1,520.84","18,819.15",49,0,0
2023-08-07,15:00:00,"1,532.51","46,462.36",12,0,0
2023-08-07,16:30:00,"1,532.51","46,462.36",12,0,0
2023-08-08,11:00:00,"1,528.36","19,484.98",64,0,0
2023-08-08,12:01:00,"1,528.36","19,484.98",64,0,0
2023-08-08,15:00:00,"1,518.44","41,008.04",48,0,0
2023-08-08,16:30:00,"1,518.44","41,008.04",48,0,0
2023-08-09,11:00:00,"1,518.60","23,658.11",68,0,0
2023-08-09,12:01:00,"1,518.60","23,658.11",68,0,0
2023-08-09,15:00:00,"1,528.30","50,039.62",39,0,0
2023-08-09,16:30:00,"1,528.30","50,039.62",39,0,0
2023-08-10,11:00:00,"1,522.24","31,122.78",42,0,0
2023-08-10,12:01:00,"1,522.24","31,122.78",42,0,0
2023-08-10,15:00:00,"1,533.41","57,881.49",11,0,0
2023-08-10,16:30:00,"1,533.41","57,881.49",11,0,0
2023-08-11,11:00:00,"1,537.01","32,490.85",10,0,0
2023-08-11,12:01:00,"1,537.01","32,490.85",10,0,0
2023-08-11,15:00:00,"1,535.16","61,820.21",60,0,0
2023-08-11,16:30:00,"1,535.16","61,820.21",60,0,0
2023-08-14,11:00:00,"1,535.16","61,828.06",68,0,0
2023-08-14,12:01:00,"1,535.16","61,828.06",68,0,0
2023-08-14,15:00:00,"1,535.16","61,828.06",68,0,0
2023-08-14,16:30:00,"1,535.16","61,828.06",68,0,0
2023-08-15,11:00:00,"1,526.79","26,468.74",98,0,0
2023-08-15,12:01:00,"1,526.79","26,468.74",98,0,0
2023-08-15,15:00:00,"1,520.73","48,598.75",38,0,0
2023-08-15,16:30:00,"1,520.73","48,598.75",38,0,0
2023-08-16,11:00:00,"1,510.37","32,701.75",71,0,0
2023-08-16,12:01:00,"1,510.37","32,701.75",71,0,0
2023-08-16,15:00:00,"1,519.56","59,402.80",62,0,0
2023-08-16,16:30:00,"1,519.56","59,402.80",62,0,0
2023-08-17,11:00:00,"1,523.56","26,565.51",65,0,0
2023-08-17,12:01:00,"1,523.56","26,565.51",65,0,0
2023-08-17,15:00:00,"1,528.81","53,037.12",17,0,0
2023-08-17,16:30:00,"1,528.81","53,037.12",17,0,0
2023-08-18,11:00:00,"1,522.37","22,981.62",71,0,0
2023-08-18,12:01:00,"1,522.37","22,981.62",71,0,0
2023-08-18,15:00:00,"1,519.12","56,886.66",26,0,0
2023-08-18,16:30:00,"1,519.12","56,886.66",26,0,0
2023-08-21,11:00:00,"1,522.23","23,351.75",31,0,0
2023-08-21,12:01:00,"1,522.23","23,351.75",31,0,0
2023-08-21,15:00:00,"1,525.85","46,018.47",58,0,0
2023-08-21,16:30:00,"1,525.85","46,018.47",58,0,0
2023-08-22,11:00:00,"1,539.78","32,418.65",88,0,0
2023-08-22,12:01:00,"1,539.78","32,418.65",88,0,0
2023-08-22,15:00:00,"1,545.60","71,924.04",64,0,0
2023-08-22,16:30:00,"1,545.60","71,924.04",64,0,0
2023-08-23,11:00:00,"1,548.23","43,845.77",35,0,0
2023-08-23,12:01:00,"1,548.23","43,845.77",35,0,0
2023-08-23,15:00:00,"1,549.01","75,837.78",17,0,0
2023-08-23,16:30:00,"1,549.01","75,837.78",17,0,0
2023-08-24,11:00:00,"1,559.49","37,371.50",91,0,0
2023-08-24,12:01:00,"1,559.49","37,371.50",91,0,0
2023-08-24,15:00:00,"1,557.41","68,545.86",15,0,0
2023-08-24,16:30:00,"1,557.41","68,545.86",15,0,0
2023-08-25,11:00:00,"1,555.66","25,283.15",63,0,0
2023-08-25,12:01:00,"1,555.66","25,283.15",63,0,0
2023-08-25,15:00:00,"1,560.20","51,602.42",22,0,0
2023-08-25,16:30:00,"1,560.20","51,602.42",22,0,0
2023-08-28,11:00:00,"1,564.36","28,499.44",69,0,0
2023-08-28,12:01:00,"1,564.36","28,499.44",69,0,0
2023-08-28,15:00:00,"1,562.97","49,908.18",78,0,0
2023-08-28,16:30:00,"1,562.97","49,908.18",78,0,0
2023-08-29,11:00:00,"1,567.39","30,156.82",96,0,0
2023-08-29,12:01:00,"1,567.39","30,156.82",96,0,0
2023-08-29,15:00:00,"1,568.81","55,507.12",17,0,0
2023-08-29,16:30:00,"1,568.81","55,507.12",17,0,0
2023-08-30,11:00:00,"1,576.82","30,929.72",29,0,0
2023-08-30,12:01:00,"1,576.82","30,929.72",29,0,0
2023-08-30,15:00:00,"1,576.67","62,156.77",76,0,0
2023-08-30,16:30:00,"1,576.67","62,156.77",76,0,0
2023-08-31,11:00:00,"1,570.90","28,792.05",92,0,0
2023-08-31,12:01:00,"1,570.90","28,792.05",92,0,0
2023-08-31,15:00:00,"1,565.94","86,344.72",44,0,0
2023-08-31,16:30:00,"1,565.94","86,344.72",44,0,0
2023-09-01,11:00:00,"1,564.25","24,799.30",59,0,0
2023-09-01,12:01:00,"1,564.25","24,799.30",59,0,0
2023-09-01,15:00:00,"1,561.51","48,763.61",13,0,0
2023-09-01,16:30:00,"1,561.51","48,763.61",13,0,0
2023-09-04,11:00:00,"1,550.09","28,318.56",98,0,0
2023-09-04,12:01:00,"1,550.09","28,318.56",98,0,0
2023-09-04,15:00:00,"1,548.68","50,623.64",83,0,0
2023-09-04,16:30:00,"1,548.68","50,623.64",83,0,0
2023-09-05,11:00:00,"1,551.05","21,530.93",50,0,0
2023-09-05,12:01:00,"1,551.05","21,530.93",50,0,0
2023-09-05,15:00:00,"1,547.86","42,853.00",63,0,0
2023-09-05,16:30:00,"1,547.86","42,853.00",63,0,0
2023-09-06,11:00:00,"1,547.15","29,876.45",56,0,0
2023-09-06,12:01:00,"1,547.15","29,876.45",56,0,0
2023-09-06,15:00:00,"1,548.78","53,967.86",87,0,0
2023-09-06,16:30:00,"1,548.78","53,967.86",87,0,0
2023-09-07,11:00:00,"1,552.12","21,533.27",23,0,0
2023-09-07,12:01:00,"1,552.12","21,533.27",23,0,0
2023-09-07,15:00:00,"1,550.36","39,039.93",69,0,0
2023-09-07,16:30:00,"1,550.36","39,039.93",69,0,0
2023-09-08,11:00:00,"1,551.17","18,348.90",78,0,0
2023-09-08,12:01:00,"1,551.17","18,348.90",78,0,0
2023-09-08,15:00:00,"1,547.17","34,714.41",74,0,0
2023-09-08,16:30:00,"1,547.17","34,714.41",74,0,0
2023-09-11,11:00:00,"1,540.24","23,320.39",40,0,0
2023-09-11,12:01:00,"1,540.24","23,320.39",40,0,0
2023-09-11,15:00:00,"1,540.94","41,601.46",41,0,0
2023-09-11,16:30:00,"1,540.94","41,601.46",41,0,0
2023-09-12,11:00:00,"1,546.79","21,477.02",97,0,0
2023-09-12,12:01:00,"1,546.79","21,477.02",97,0,0
2023-09-12,15:00:00,"1,545.50","40,984.43",54,0,0
2023-09-12,16:30:00,"1,545.50","40,984.43",54,0,0
2023-09-13,11:00:00,"1,536.74","24,309.08",49,0,0
2023-09-13,12:01:00,"1,536.74","24,309.08",49,0,0
2023-09-13,15:00:00,"1,535.31","44,303.73",13,0,0
2023-09-13,16:30:00,"1,535.31","44,303.73",13,0,0
2023-09-14,11:00:00,"1,539.70","19,785.01",75,0,0
2023-09-14,12:01:00,"1,539.70","19,785.01",75,0,0
2023-09-14,15:00:00,"1,545.14","40,568.46",48,0,0
2023-09-14,16:30:00,"1,545.14","40,568.46",48,0,0
2023-09-15,11:00:00,"1,543.57","20,513.53",73,0,0
2023-09-15,12:01:00,"1,543.57","20,513.53",73,0,0
2023-09-15,15:00:00,"1,542.03","52,066.56",36,0,0
2023-09-15,16:30:00,"1,542.03","52,066.56",36,0,0
2023-09-18,11:00:00,"1,533.83","19,103.31",33,0,0
2023-09-18,12:01:00,"1,533.83","19,103.31",33,0,0
2023-09-18,15:00:00,"1,527.57","42,566.65",76,0,0
2023-09-18,16:30:00,"1,527.57","42,566.65",76,0,0
2023-09-19,11:00:00,"1,524.60","18,218.30",68,0,0
2023-09-19,12:01:00,"1,524.60","18,218.30",68,0,0
2023-09-19,15:00:00,"1,522.96","43,232.58",62,0,0
2023-09-19,16:30:00,"1,522.96","43,232.58",62,0,0
2023-09-20,11:00:00,"1,509.66","29,370.63",60,0,0
2023-09-20,12:01:00,"1,509.66","29,370.63",60,0,0
2023-09-20,15:00:00,"1,507.90","54,490.73",90,0,0
2023-09-20,16:30:00,"1,507.90","54,490.73",90,0,0
2023-09-21,11:00:00,"1,509.70","23,079.55",79,0,0
2023-09-21,12:01:00,"1,509.70","23,079.55",79,0,0
2023-09-21,15:00:00,"1,514.26","42,367.61",67,0,0
2023-09-21,16:30:00,"1,514.26","42,367.61",67,0,0
2023-09-22,11:00:00,"1,521.67","32,892.34",72,0,0
2023-09-22,12:01:00,"1,521.67","32,892.34",72,0,0
2023-09-22,15:00:00,"1,522.59","57,160.61",90,0,0
2023-09-22,16:30:00,"1,522.59","57,160.61",90,0,0
2023-09-25,11:00:00,"1,512.08","22,219.44",89,0,0
2023-09-25,12:01:00,"1,512.08","22,219.44",89,0,0
2023-09-25,15:00:00,"1,507.36","42,194.46",64,0,0
2023-09-25,16:30:00,"1,507.36","42,194.46",64,0,0
2023-09-26,11:00:00,"1,507.80","24,423.49",83,0,0
2023-09-26,12:01:00,"1,507.80","24,423.49",83,0,0
2023-09-26,15:00:00,"1,494.02","55,609.45",29,0,0
2023-09-26,16:30:00,"1,494.02","55,609.45",29,0,0
2023-09-27,11:00:00,"1,491.98","22,656.99",86,0,0
2023-09-27,12:01:00,"1,491.98","22,656.99",86,0,0
2023-09-27,15:00:00,"1,497.15","46,636.01",56,0,0
2023-09-27,16:30:00,"1,497.15","46,636.01",56,0,0
2023-09-28,11:00:00,"1,493.16","29,556.67",66,0,0
2023-09-28,12:01:00,"1,493.16","29,556.67",66,0,0
2023-09-28,15:00:00,"1,482.14","59,089.20",49,0,0
2023-09-28,16:30:00,"1,482.14","59,089.20",49,0,0
2023-09-29,11:00:00,"1,476.17","44,426.39",76,0,0
2023-09-29,12:01:00,"1,476.17","44,426.39",76,0,0
2023-09-29,15:00:00,"1,471.43","73,067.53",37,0,0
2023-09-29,16:30:00,"1,471.43","73,067.53",37,0,0
2023-10-02,11:00:00,"1,471.41","26,940.58",10,0,0
2023-10-02,12:01:00,"1,471.41","26,940.58",10,0,0
2023-10-02,15:00:00,"1,469.46","45,356.23",66,0,0
2023-10-02,16:30:00,"1,469.46","45,356.23",66,0,0
2023-10-03,11:00:00,"1,449.75","32,888.76",58,0,0
2023-10-03,12:01:00,"1,449.75","32,888.76",58,0,0
2023-10-03,15:00:00,"1,447.30","60,384.79",34,0,0
2023-10-03,16:30:00,"1,447.30","60,384.79",34,0,0
2023-10-04,11:00:00,"1,452.32","30,198.42",28,0,0
2023-10-04,12:01:00,"1,452.32","30,198.42",28,0,0
2023-10-04,15:00:00,"1,451.25","51,227.05",57,0,0
2023-10-04,16:30:00,"1,451.25","51,227.05",57,0,0
2023-10-05,11:00:00,"1,447.72","22,478.85",28,0,0
2023-10-05,12:01:00,"1,447.72","22,478.85",28,0,0
2023-10-05,15:00:00,"1,452.55","43,119.67",59,0,0
2023-10-05,16:30:00,"1,452.55","43,119.67",59,0,0
2023-10-06,11:00:00,"1,448.51","16,930.83",10,0,0
2023-10-06,12:01:00,"1,448.51","16,930.83",10,0,0
2023-10-06,15:00:00,"1,438.45","40,921.64",51,0,0
2023-10-06,16:30:00,"1,438.45","40,921.64",51,0,0
2023-10-09,11:00:00,"1,428.76","28,226.68",66,0,0
2023-10-09,12:01:00,"1,428.76","28,226.68",66,0,0
2023-10-09,15:00:00,"1,431.72","47,468.30",28,0,0
2023-10-09,16:30:00,"1,431.72","47,468.30",28,0,0
2023-10-10,11:00:00,"1,436.49","20,113.07",93,0,0
2023-10-10,12:01:00,"1,436.49","20,113.07",93,0,0
2023-10-10,15:00:00,"1,434.45","40,832.52",52,0,0
2023-10-10,16:30:00,"1,434.45","40,832.52",52,0,0
2023-10-11,11:00:00,"1,454.72","26,408.35",28,0,0
2023-10-11,12:01:00,"1,454.72","26,408.35",28,0,0
2023-10-11,15:00:00,"1,455.99","53,304.77",94,0,0
2023-10-11,16:30:00,"1,455.99","53,304.77",94,0,0
2023-10-12,11:00:00,"1,452.35","20,187.03",57,0,0
2023-10-12,12:01:00,"1,452.35","20,187.03",57,0,0
2023-10-12,15:00:00,"1,450.75","36,895.02",55,0,0
2023-10-12,16:30:00,"1,450.75","36,895.02",55,0,0
2023-10-13,11:00:00,"1,450.75","36,906.33",56,0,0
2023-10-13,12:01:00,"1,450.75","36,906.33",56,0,0
2023-10-13,15:00:00,"1,450.75","36,906.33",56,0,0
2023-10-13,16:30:00,"1,450.75","36,906.33",56,0,0
2023-10-16,11:00:00,"1,420.97","32,789.61",79,0,0
2023-10-16,12:01:00,"1,420.97","32,789.61",79,0,0
2023-10-16,15:00:00,"1,427.11","56,231.67",11,0,0
2023-10-16,16:30:00,"1,427.11","56,231.67",11,0,0
2023-10-17,11:00:00,"1,435.79","19,608.57",98,0,0
2023-10-17,12:01:00,"1,435.79","19,608.57",98,0,0
2023-10-17,15:00:00,"1,433.40","38,504.36",44,0,0
2023-10-17,16:30:00,"1,433.40","38,504.36",44,0,0
2023-10-18,11:00:00,"1,442.03","23,836.03",36,0,0
2023-10-18,12:01:00,"1,442.03","23,836.03",36,0,0
2023-10-18,15:00:00,"1,437.85","52,877.54",57,0,0
2023-10-18,16:30:00,"1,437.85","52,877.54",57,0,0
2023-10-19,11:00:00,"1,425.98","21,210.51",80,0,0
2023-10-19,12:01:00,"1,425.98","21,210.51",80,0,0
2023-10-19,15:00:00,"1,423.04","36,492.93",42,0,0
2023-10-19,16:30:00,"1,423.04","36,492.93",42,0,0
2023-10-20,11:00:00,"1,404.14","27,375.83",45,0,0
2023-10-20,12:01:00,"1,404.14","27,375.83",45,0,0
2023-10-20,15:00:00,"1,399.35","52,983.02",53,0,0
2023-10-20,16:30:00,"1,399.35","52,983.02",53,0,0
2023-10-23,11:00:00,"1,399.35","52,997.72",57,0,0
2023-10-23,12:01:00,"1,399.35","52,997.72",57,0,0
2023-10-23,15:00:00,"1,399.35","52,997.72",57,0,0
2023-10-23,16:30:00,"1,399.35","52,997.72",57,0,0
2023-10-24,11:00:00,"1,394.55","26,914.19",54,0,0
2023-10-24,12:01:00,"1,394.55","26,914.19",54,0,0
2023-10-24,15:00:00,"1,391.03","49,584.20",34,0,0
2023-10-24,16:30:00,"1,391.03","49,584.20",34,0,0
2023-10-25,11:00:00,"1,410.14","23,106.08",46,0,0
2023-10-25,12:01:00,"1,410.14","23,106.08",46,0,0
2023-10-25,15:00:00,"1,401.70","44,257.39",77,0,0
2023-10-25,16:30:00,"1,401.70","44,257.39",77,0,0
2023-10-26,11:00:00,"1,384.40","20,012.68",42,0,0
2023-10-26,12:01:00,"1,384.40","20,012.68",42,0,0
2023-10-26,15:00:00,"1,371.22","45,690.17",20,0,0
2023-10-26,16:30:00,"1,371.22","45,690.17",20,0,0
2023-10-27,11:00:00,"1,370.41","18,421.75",11,0,0
2023-10-27,12:01:00,"1,370.41","18,421.75",11,0,0
2023-10-27,15:00:00,"1,388.23","41,247.37",37,0,0
2023-10-27,16:30:00,"1,388.23","41,247.37",37,0,0
2023-10-30,11:00:00,"1,388.47","19,490.86",70,0,0
2023-10-30,12:01:00,"1,388.47","19,490.86",70,0,0
2023-10-30,15:00:00,"1,395.85","36,755.00",55,0,0
2023-10-30,16:30:00,"1,395.85","36,755.00",55,0,0
2023-10-31,11:00:00,"1,380.07","20,538.79",78,0,0
2023-10-31,12:01:00,"1,380.07","20,538.79",78,0,0
2023-10-31,15:00:00,"1,381.83","37,497.85",37,0,0
2023-10-31,16:30:00,"1,381.83","37,497.85",37,0,0
2023-11-01,11:00:00,"1,384.88","21,862.23",82,0,0
2023-11-01,12:01:00,"1,384.88","21,862.23",82,0,0
2023-11-01,15:00:00,"1,379.96","38,090.52",60,0,0
2023-11-01,16:30:00,"1,379.96","38,090.52",60,0,0
2023-11-02,11:00:00,"1,397.02","22,539.19",29,0,0
2023-11-02,12:01:00,"1,397.02","22,539.19",29,0,0
2023-11-02,15:00:00,"1,403.99","44,380.64",90,0,0
2023-11-02,16:30:00,"1,403.99","44,380.64",90,0,0
2023-11-03,11:00:00,"1,419.93","24,302.90",32,0,0
2023-11-03,12:01:00,"1,419.93","24,302.90",32,0,0
2023-11-03,15:00:00,"1,419.76","45,779.45",69,0,0
2023-11-03,16:30:00,"1,419.76","45,779.45",69,0,0
2023-11-06,11:00:00,"1,422.70","21,438.44",78,0,0
2023-11-06,12:01:00,"1,422.70","21,438.44",78,0,0
2023-11-06,15:00:00,"1,417.21","42,924.19",14,0,0
2023-11-06,16:30:00,"1,417.21","42,924.19",14,0,0
2023-11-07,11:00:00,"1,415.01","18,497.33",17,0,0
2023-11-07,12:01:00,"1,415.01","18,497.33",17,0,0
2023-11-07,15:00:00,"1,408.30","39,372.29",32,0,0
2023-11-07,16:30:00,"1,408.30","39,372.29",32,0,0
2023-11-08,11:00:00,"1,415.31","19,773.27",13,0,0
2023-11-08,12:01:00,"1,415.31","19,773.27",13,0,0
2023-11-08,15:00:00,"1,411.77","38,066.24",76,0,0
2023-11-08,16:30:00,"1,411.77","38,066.24",76,0,0
2023-11-09,11:00:00,"1,392.45","25,573.98",53,0,0
2023-11-09,12:01:00,"1,392.45","25,573.98",53,0,0
2023-11-09,15:00:00,"1,404.97","49,743.19",73,0,0
2023-11-09,16:30:00,"1,404.97","49,743.19",73,0,0
2023-11-10,11:00:00,"1,395.01","23,845.58",15,0,0
2023-11-10,12:01:00,"1,395.01","23,845.58",15,0,0
2023-11-10,15:00:00,"1,389.57","50,967.94",77,0,0
2023-11-10,16:30:00,"1,389.57","50,967.94",77,0,0
2023-11-13,11:00:00,"1,383.73","23,292.12",32,0,0
2023-11-13,12:01:00,"1,383.73","23,292.12",32,0,0
2023-11-13,15:00:00,"1,387.13","46,157.93",37,0,0
2023-11-13,16:30:00,"1,387.13","46,157.93",37,0,0
2023-11-14,11:00:00,"1,380.17","26,571.28",71,0,0
2023-11-14,12:01:00,"1,380.17","26,571.28",71,0,0
2023-11-14,15:00:00,"1,386.04","47,578.86",48,0,0
2023-11-14,16:30:00,"1,386.04","47,578.86",48,0,0
2023-11-15,11:00:00,"1,411.85","35,770.02",50,0,0
2023-11-15,12:01:00,"1,411.85","35,770.02",50,0,0
2023-11-15,15:00:00,"1,415.17","63,738.22",78,0,0
2023-11-15,16:30:00,"1,415.17","63,738.22",78,0,0
2023-11-16,11:00:00,"1,413.56","21,458.80",68,0,0
2023-11-16,12:01:00,"1,413.56","21,458.80",68,0,0
2023-11-16,15:00:00,"1,415.34","43,028.30",48,0,0
2023-11-16,16:30:00,"1,415.34","43,028.30",48,0,0
2023-11-17,11:00:00,"1,413.93","28,286.21",36,0,0
2023-11-17,12:01:00,"1,413.93","28,286.21",36,0,0
2023-11-17,15:00:00,"1,415.78","45,607.55",87,0,0
2023-11-17,16:30:00,"1,415.78","45,607.55",87,0,0
2023-11-20,11:00:00,"1,417.90","21,246.34",96,0,0
2023-11-20,12:01:00,"1,417.90","21,246.34",96,0,0
2023-11-20,15:00:00,"1,419.44","37,420.63",40,0,0
2023-11-20,16:30:00,"1,419.44","37,420.63",40,0,0
2023-11-21,11:00:00,"1,426.15","18,785.54",55,0,0
2023-11-21,12:01:00,"1,426.15","18,785.54",55,0,0
2023-11-21,15:00:00,"1,423.61","37,772.79",12,0,0
2023-11-21,16:30:00,"1,423.61","37,772.79",12,0,0
2023-11-22,11:00:00,"1,410.28","18,849.10",89,0,0
2023-11-22,12:01:00,"1,410.28","18,849.10",89,0,0
2023-11-22,15:00:00,"1,414.15","34,627.29",57,0,0
2023-11-22,16:30:00,"1,414.15","34,627.29",57,0,0
2023-11-23,11:00:00,"1,400.86","22,100.28",60,0,0
2023-11-23,12:01:00,"1,400.86","22,100.28",60,0,0
2023-11-23,15:00:00,"1,406.61","40,407.66",17,0,0
2023-11-23,16:30:00,"1,406.61","40,407.66",17,0,0
2023-11-24,11:00:00,"1,400.34","17,942.77",42,0,0
2023-11-24,12:01:00,"1,400.34","17,942.77",42,0,0
2023-11-24,15:00:00,"1,397.43","32,806.39",36,0,0
2023-11-24,16:30:00,"1,397.43","32,806.39",36,0,0
2023-11-27,11:00:00,"1,387.88","18,960.71",80,0,0
2023-11-27,12:01:00,"1,387.88","18,960.71",80,0,0
2023-11-27,15:00:00,"1,393.42","36,302.87",22,0,0
2023-11-27,16:30:00,"1,393.42","36,302.87",22,0,0
2023-11-28,11:00:00,"1,399.46","17,025.41",65,0,0
2023-11-28,12:01:00,"1,399.46","17,025.41",65,0,0
2023-11-28,15:00:00,"1,401.42","37,070.12",20,0,0
2023-11-28,16:30:00,"1,401.42","37,070.12",20,0,0
2023-11-29,11:00:00,"1,401.07","25,959.03",79,0,0
2023-11-29,12:01:00,"1,401.07","25,959.03",79,0,0
2023-11-29,15:00:00,"1,387.69","51,497.61",97,0,0
2023-11-29,16:30:00,"1,387.69","51,497.61",97,0,0
2023-11-30,11:00:00,"1,381.70","27,013.29",73,0,0
2023-11-30,12:01:00,"1,381.70","27,013.29",73,0,0
2023-11-30,15:00:00,"1,380.18","76,183.57",83,0,0
2023-11-30,16:30:00,"1,380.18","76,183.57",83,0,0
2023-12-01,11:00:00,"1,381.69","22,861.70",91,0,0
2023-12-01,12:01:00,"1,381.69","22,861.70",91,0,0
2023-12-01,15:00:00,"1,380.31","37,615.16",15,0,0
2023-12-01,16:30:00,"1,380.31","37,615.16",15,0,0
2023-12-04,11:00:00,"1,387.69","19,444.30",94,0,0
2023-12-04,12:01:00,"1,387.69","19,444.30",94,0,0
2023-12-04,15:00:00,"1,383.54","35,519.36",49,0,0
2023-12-04,16:30:00,"1,383.54","35,519.36",49,0,0
2023-12-05,11:00:00,"1,383.54","35,529.78",49,0,0
2023-12-05,12:01:00,"1,383.54","35,529.78",49,0,0
2023-12-05,15:00:00,"1,383.54","35,529.78",49,0,0
2023-12-05,16:30:00,"1,383.54","35,529.78",49,0,0
2023-12-06,11:00:00,"1,391.93","19,998.11",38,0,0
2023-12-06,12:01:00,"1,391.93","19,998.11",38,0,0
2023-12-06,15:00:00,"1,389.55","38,631.50",51,0,0
2023-12-06,16:30:00,"1,389.55","38,631.50",51,0,0
2023-12-07,11:00:00,"1,380.81","22,724.01",14,0,0
2023-12-07,12:01:00,"1,380.81","22,724.01",14,0,0
2023-12-07,15:00:00,"1,378.73","41,649.80",39,0,0
2023-12-07,16:30:00,"1,378.73","41,649.80",39,0,0
2023-12-08,11:00:00,"1,382.26","17,480.44",60,0,0
2023-12-08,12:01:00,"1,382.26","17,480.44",60,0,0
2023-12-08,15:00:00,"1,380.99","34,760.77",90,0,0
2023-12-08,16:30:00,"1,380.99","34,760.77",90,0,0
2023-12-11,11:00:00,"1,380.99","34,767.22",97,0,0
2023-12-11,12:01:00,"1,380.99","34,767.22",97,0,0
2023-12-11,15:00:00,"1,380.99","34,767.22",97,0,0
2023-12-11,16:30:00,"1,380.99","34,767.22",97,0,0
2023-12-12,11:00:00,"1,374.72","18,762.40",22,0,0
2023-12-12,12:01:00,"1,374.72","18,762.40",22,0,0
2023-12-12,15:00:00,"1,373.92","35,314.05",24,0,0
2023-12-12,16:30:00,"1,373.92","35,314.05",24,0,0
2023-12-13,11:00:00,"1,358.14","20,057.52",47,0,0
2023-12-13,12:01:00,"1,358.14","20,057.52",47,0,0
2023-12-13,15:00:00,"1,357.97","37,984.99",74,0,0
2023-12-13,16:30:00,"1,357.97","37,984.99",74,0,0
2023-12-14,11:00:00,"1,375.43","22,071.48",31,0,0
2023-12-14,12:01:00,"1,375.43","22,071.48",31,0,0
2023-12-14,15:00:00,"1,378.94","40,897.67",47,0,0
2023-12-14,16:30:00,"1,378.94","40,897.67",47,0,0
2023-12-15,11:00:00,"1,393.13","28,691.24",31,0,0
2023-12-15,12:01:00,"1,393.13","28,691.24",31,0,0
2023-12-15,15:00:00,"1,391.03","61,137.63",37,0,0
2023-12-15,16:30:00,"1,391.03","61,137.63",37,0,0
2023-12-18,11:00:00,"1,387.10","14,686.73",16,0,0
2023-12-18,12:01:00,"1,387.10","14,686.73",16,0,0
2023-12-18,15:00:00,"1,393.41","30,983.57",13,0,0
2023-12-18,16:30:00,"1,393.41","30,983.57",13,0,0
2023-12-19,11:00:00,"1,392.49","18,466.42",96,0,0
2023-12-19,12:01:00,"1,392.49","18,466.42",96,0,0
2023-12-19,15:00:00,"1,394.90","33,461.81",91,0,0
2023-12-19,16:30:00,"1,394.90","33,461.81",91,0,0
2023-12-20,11:00:00,"1,402.61","24,471.79",11,0,0
2023-12-20,12:01:00,"1,402.61","24,471.79",11,0,0
2023-12-20,15:00:00,"1,400.37","42,449.44",79,0,0
2023-12-20,16:30:00,"1,400.37","42,449.44",79,0,0
2023-12-21,11:00:00,"1,402.60","19,994.78",64,0,0
2023-12-21,12:01:00,"1,402.60","19,994.78",64,0,0
2023-12-21,15:00:00,"1,404.84","38,760.88",40,0,0
2023-12-21,16:30:00,"1,404.84","38,760.88",40,0,0
2023-12-25,11:00:00,"1,405.71","1,083.95",13,0,0
2023-12-25,12:01:00,"1,405.71","1,083.95",13,0,0
2023-12-25,15:00:00,"1,408.83","21,854.40",34,0,0
2023-12-25,16:30:00,"1,408.83","21,854.40",34,0,0
2023-12-26,11:00:00,"1,412.47","15,703.96",73,0,0
2023-12-26,12:01:00,"1,412.47","15,703.96",73,0,0
2023-12-26,15:00:00,"1,413.45","33,948.24",58,0,0
2023-12-26,16:30:00,"1,413.45","33,948.24",58,0,0
2023-12-27,11:00:00,"1,413.15","19,056.11",56,0,0
2023-12-27,12:01:00,"1,413.15","19,056.11",56,0,0
2023-12-27,15:00:00,"1,410.43","39,285.68",35,0,0
2023-12-27,16:30:00,"1,410.43","39,285.68",35,0,0
2023-12-28,11:00:00,"1,415.53","22,432.57",32,0,0
2023-12-28,12:01:00,"1,415.53","22,432.57",32,0,0
2023-12-28,15:00:00,"1,415.85","47,793.66",53,0,0
2023-12-28,16:30:00,"1,415.85","47,793.66",53,0,0
2023-12-29,11:00:00,"1,415.85","47,801.77",51,0,0
2023-12-29,12:01:00,"1,415.85","47,801.77",51,0,0
2023-12-29,15:00:00,"1,415.85","47,801.77",51,0,0
2023-12-29,16:30:00,"1,415.85","47,801.77",51,0,0
2024-01-01,11:00:00,"1,415.85","47,801.77",51,0,0
2024-01-01,12:01:00,"1,415.85","47,801.77",51,0,0
2024-01-01,15:00:00,"1,415.85","47,801.77",51,0,0
2024-01-01,16:30:00,"1,415.85","47,801.77",51,0,0
2024-01-02,11:00:00,"1,431.24","23,807.35",47,0,0
2024-01-02,12:01:00,"1,431.24","23,807.35",47,0,0
2024-01-02,15:00:00,"1,433.38","43,272.05",82,0,0
2024-01-02,16:30:00,"1,433.38","43,272.05",82,0,0
2024-01-03,11:00:00,"1,432.83","24,914.98",34,0,0
2024-01-03,12:01:00,"1,432.83","24,914.98",34,0,0
2024-01-03,15:00:00,"1,429.62","45,241.99",21,0,0
2024-01-03,16:30:00,"1,429.62","45,241.99",21,0,0
2024-01-04,11:00:00,"1,422.68","23,636.39",86,0,0
2024-01-04,12:01:00,"1,422.68","23,636.39",86,0,0
2024-01-04,15:00:00,"1,434.59","47,635.81",95,0,0
2024-01-04,16:30:00,"1,434.59","47,635.81",95,0,0
2024-01-05,11:00:00,"1,430.24","26,960.55",40,0,0
2024-01-05,12:01:00,"1,430.24","26,960.55",40,0,0
2024-01-05,15:00:00,"1,427.96","51,141.32",61,0,0
2024-01-05,16:30:00,"1,427.96","51,141.32",61,0,0
2024-01-08,11:00:00,"1,420.54","22,980.64",40,0,0
2024-01-08,12:01:00,"1,420.54","22,980.64",40,0,0
2024-01-08,15:00:00,"1,418.45","42,143.31",53,0,0
2024-01-08,16:30:00,"1,418.45","42,143.31",53,0,0
2024-01-09,11:00:00,"1,419.89","22,107.63",97,0,0
2024-01-09,12:01:00,"1,419.89","22,107.63",97,0,0
2024-01-09,15:00:00,"1,414.93","42,573.95",33,0,0
2024-01-09,16:30:00,"1,414.93","42,573.95",33,0,0
2024-01-10,11:00:00,"1,414.14","24,075.57",45,0,0
2024-01-10,12:01:00,"1,414.14","24,075.57",45,0,0
2024-01-10,15:00:00,"1,413.52","45,472.82",22,0,0
2024-01-10,16:30:00,"1,413.52","45,472.82",22,0,0
2024-01-11,11:00:00,"1,412.58","18,247.22",87,0,0
2024-01-11,12:01:00,"1,412.58","18,247.22",87,0,0
2024-01-11,15:00:00,"1,408.24","35,536.61",46,0,0
2024-01-11,16:30:00,"1,408.24","35,536.61",46,0,0
2024-01-12,11:00:00,"1,411.59","21,012.61",92,0,0
2024-01-12,12:01:00,"1,411.59","21,012.61",92,0,0
2024-01-12,15:00:00,"1,413.53","40,236.01",36,0,0
2024-01-12,16:30:00,"1,413.53","40,236.01",36,0,0
2024-01-15,11:00:00,"1,414.74","16,134.43",44,0,0
2024-01-15,12:01:00,"1,414.74","16,134.43",44,0,0
2024-01-15,15:00:00,"1,407.02","32,633.35",23,0,0
2024-01-15,16:30:00,"1,407.02","32,633.35",23,0,0
2024-01-16,11:00:00,"1,404.26","19,735.91",65,0,0
2024-01-16,12:01:00,"1,404.26","19,735.91",65,0,0
2024-01-16,15:00:00,"1,401.72","39,472.36",22,0,0
2024-01-16,16:30:00,"1,401.72","39,472.36",22,0,0
2024-01-17,11:00:00,"1,389.46","30,421.19",61,0,0
2024-01-17,12:01:00,"1,389.46","30,421.19",61,0,0
2024-01-17,15:00:00,"1,380.65","56,707.53",57,0,0
2024-01-17,16:30:00,"1,380.65","56,707.53",57,0,0
2024-01-18,11:00:00,"1,382.05","29,417.85",57,0,0
2024-01-18,12:01:00,"1,382.05","29,417.85",57,0,0
2024-01-18,15:00:00,"1,377.93","50,984.88",34,0,0
2024-01-18,16:30:00,"1,377.93","50,984.88",34,0,0
2024-01-19,11:00:00,"1,382.46","22,854.23",64,0,0
2024-01-19,12:01:00,"1,382.46","22,854.23",64,0,0
2024-01-19,15:00:00,"1,382.51","49,266.20",16,0,0
2024-01-19,16:30:00,"1,382.51","49,266.20",16,0,0
2024-01-22,11:00:00,"1,374.19","29,668.33",98,0,0
2024-01-22,12:01:00,"1,374.19","29,668.33",98,0,0
2024-01-22,15:00:00,"1,369.92","51,505.59",25,0,0
2024-01-22,16:30:00,"1,369.92","51,505.59",25,0,0
2024-01-23,11:00:00,"1,369.37","23,141.07",71,0,0
2024-01-23,12:01:00,"1,369.37","23,141.07",71,0,0
2024-01-23,15:00:00,"1,356.54","48,638.21",48,0,0
2024-01-23,16:30:00,"1,356.54","48,638.21",48,0,0
2024-01-24,11:00:00,"1,359.33","21,163.09",33,0,0
2024-01-24,12:01:00,"1,359.33","21,163.09",33,0,0
2024-01-24,15:00:00,"1,381.19","53,763.46",93,0,0
2024-01-24,16:30:00,"1,381.19","53,763.46",93,0,0
2024-01-25,11:00:00,"1,375.70","22,276.95",6,0,0
2024-01-25,12:01:00,"1,375.70","22,276.95",6,0,0
2024-01-25,15:00:00,"1,376.09","41,095.38",95,0,0
2024-01-25,16:30:00,"1,376.09","41,095.38",95,0,0
2024-01-26,11:00:00,"1,373.07","19,408.60",78,0,0
2024-01-26,12:01:00,"1,373.07","19,408.60",78,0,0
2024-01-26,15:00:00,"1,368.15","48,277.69",57,0,0
2024-01-26,16:30:00,"1,368.15","48,277.69",57,0,0
2024-01-29,11:00:00,"1,368.96","19,791.77",61,0,0
2024-01-29,12:01:00,"1,368.96","19,791.77",61,0,0
2024-01-29,15:00:00,"1,376.28","39,308.57",88,0,0
2024-01-29,16:30:00,"1,376.28","39,308.57",88,0,0
2024-01-30,11:00:00,"1,376.83","22,104.93",34,0,0
2024-01-30,12:01:00,"1,376.83","22,104.93",34,0,0
2024-01-30,15:00:00,"1,373.14","42,491.74",41,0,0
2024-01-30,16:30:00,"1,373.14","42,491.74",41,0,0
2024-01-31,11:00:00,"1,366.51","22,442.93",12,0,0
2024-01-31,12:01:00,"1,366.51","22,442.93",12,0,0
2024-01-31,15:00:00,"1,364.52","48,924.36",24,0,0
2024-01-31,16:30:00,"1,364.52","48,924.36",24,0,0
2024-02-01,11:00:00,"1,369.92","22,805.44",25,0,0
2024-02-01,12:01:00,"1,369.92","22,805.44",25,0,0
2024-02-01,15:00:00,"1,367.96","42,001.69",61,0,0
2024-02-01,16:30:00,"1,367.96","42,001.69",61,0,0
2024-02-02,11:00:00,"1,384.72","23,648.34",28,0,0
2024-02-02,12:01:00,"1,384.72","23,648.34",28,0,0
2024-02-02,15:00:00,"1,384.08","45,159.93",89,0,0
2024-02-02,16:30:00,"1,384.08","45,159.93",89,0,0
2024-02-05,11:00:00,"1,386.36","22,426.45",66,0,0
2024-02-05,12:01:00,"1,386.36","22,426.45",66,0,0
2024-02-05,15:00:00,"1,383.93","41,218.21",38,0,0
2024-02-05,16:30:00,"1,383.93","41,218.21",38,0,0
2024-02-06,11:00:00,"1,397.26","25,957.57",67,0,0
2024-02-06,12:01:00,"1,397.26","25,957.57",67,0,0
2024-02-06,15:00:00,"1,396.96","50,709.59",69,0,0
2024-02-06,16:30:00,"1,396.96","50,709.59",69,0,0
2024-02-07,11:00:00,"1,398.11","23,223.26",13,0,0
2024-02-07,12:01:00,"1,398.11","23,223.26",13,0,0
2024-02-07,15:00:00,"1,400.02","45,570.86",20,0,0
2024-02-07,16:30:00,"1,400.02","45,570.86",20,0,0
2024-02-08,11:00:00,"1,393.43","22,590.51",30,0,0
2024-02-08,12:01:00,"1,393.43","22,590.51",30,0,0
2024-02-08,15:00:00,"1,388.60","43,082.48",2,0,0
2024-02-08,16:30:00,"1,388.60","43,082.48",2,0,0
2024-02-09,11:00:00,"1,390.58","15,982.11",82,0,0
2024-02-09,12:01:00,"1,390.58","15,982.11",82,0,0
2024-02-09,15:00:00,"1,388.37","29,071.10",71,0,0
2024-02-09,16:30:00,"1,388.37","29,071.10",71,0,0
2024-02-12,11:00:00,"1,389.24","13,067.24",47,0,0
2024-02-12,12:01:00,"1,389.24","13,067.24",47,0,0
2024-02-12,15:00:00,"1,389.30","25,036.27",6,0,0
2024-02-12,16:30:00,"1,389.30","25,036.27",6,0,0
2024-02-13,11:00:00,"1,395.47","17,518.64",78,0,0
2024-02-13,12:01:00,"1,395.47","17,518.64",78,0,0
2024-02-13,15:00:00,"1,391.73","32,842.64",32,0,0
2024-02-13,16:30:00,"1,391.73","32,842.64",32,0,0
2024-02-14,11:00:00,"1,384.06","20,415.00",65,0,0
2024-02-14,12:01:00,"1,384.06","20,415.00",65,0,0
2024-02-14,15:00:00,"1,385.11","36,773.49",13,0,0
2024-02-14,16:30:00,"1,385.11","36,773.49",13,0,0
2024-02-15,11:00:00,"1,387.05","21,334.19",54,0,0
2024-02-15,12:01:00,"1,387.05","21,334.19",54,0,0
2024-02-15,15:00:00,"1,387.27","42,027.58",77,0,0
2024-02-15,16:30:00,"1,387.27","42,027.58",77,0,0
2024-02-16,11:00:00,"1,387.37","21,655.40",75,0,0
2024-02-16,12:01:00,"1,387.37","21,655.40",75,0,0
2024-02-16,15:00:00,"1,386.27","43,564.47",74,0,0
2024-02-16,16:30:00,"1,386.27","43,564.47",74,0,0
2024-02-19,11:00:00,"1,388.70","18,340.54",0,0,0
2024-02-19,12:01:00,"1,388.70","18,340.54",0,0,0
2024-02-19,15:00:00,"1,387.33","31,776.98",36,0,0
2024-02-19,16:30:00,"1,387.33","31,776.98",36,0,0
2024-02-20,11:00:00,"1,380.22","19,562.89",22,0,0
2024-02-20,12:01:00,"1,380.22","19,562.89",22,0,0
2024-02-20,15:00:00,"1,381.07","40,457.10",77,0,0
2024-02-20,16:30:00,"1,381.07","40,457.10",77,0,0
2024-02-21,11:00:00,"1,393.78","38,289.81",89,0,0
2024-02-21,12:01:00,"1,393.78","38,289.81",89,0,0
2024-02-21,15:00:00,"1,393.61","64,865.89",15,0,0
2024-02-21,16:30:00,"1,393.61","64,865.89",15,0,0
2024-02-22,11:00:00,"1,399.65","25,555.75",55,0,0
2024-02-22,12:01:00,"1,399.65","25,555.75",55,0,0
2024-02-22,15:00:00,"1,402.47","51,341.29",71,0,0
2024-02-22,16:30:00,"1,402.47","51,341.29",71,0,0
2024-02-26,11:00:00,"1,398.14","48,419.68",49,0,0
2024-02-26,12:01:00,"1,398.14","48,419.68",49,0,0
2024-02-26,15:00:00,"1,398.14","48,419.68",49,0,0
2024-02-26,16:30:00,"1,398.14","48,419.68",49,0,0
2024-02-27,11:00:00,"1,391.79","30,883.68",93,0,0
2024-02-27,12:01:00,"1,391.79","30,883.68",93,0,0
2024-02-27,15:00:00,"1,393.70","55,731.56",1,0,0
2024-02-27,16:30:00,"1,393.70","55,731.56",1,0,0
2024-02-28,11:00:00,"1,385.38","27,860.87",80,0,0
2024-02-28,12:01:00,"1,385.38","27,860.87",80,0,0
2024-02-28,15:00:00,"1,382.05","55,250.06",50,0,0
2024-02-28,16:30:00,"1,382.05","55,250.06",50,0,0
2024-02-29,11:00:00,"1,376.14","26,709.07",49,0,0
2024-02-29,12:01:00,"1,376.14","26,709.07",49,0,0
2024-02-29,15:00:00,"1,370.67","73,542.55",72,0,0
2024-02-29,16:30:00,"1,370.67","73,542.55",72,0,0
2024-03-01,11:00:00,"1,366.75","23,038.84",58,0,0
2024-03-01,12:01:00,"1,366.75","23,038.84",58,0,0
2024-03-01,15:00:00,"1,367.42","49,556.62",26,0,0
2024-03-01,16:30:00,"1,367.42","49,556.62",26,0,0
2024-03-04,11:00:00,"1,367.86","22,691.44",61,0,0
2024-03-04,12:01:00,"1,367.86","22,691.44",61,0,0
2024-03-04,15:00:00,"1,362.57","40,361.88",71,0,0
2024-03-04,16:30:00,"1,362.57","40,361.88",71,0,0
2024-03-05,11:00:00,"1,359.39","20,389.49",99,0,0
2024-03-05,12:01:00,"1,359.39","20,389.49",99,0,0
2024-03-05,15:00:00,"1,359.26","39,683.43",63,0,0
2024-03-05,16:30:00,"1,359.26","39,683.43",63,0,0
2024-03-06,11:00:00,"1,372.23","21,806.07",36,0,0
2024-03-06,12:01:00,"1,372.23","21,806.07",36,0,0
2024-03-06,15:00:00,"1,370.55","41,006.12",56,0,0
2024-03-06,16:30:00,"1,370.55","41,006.12",56,0,0
2024-03-07,11:00:00,"1,371.28","19,224.03",84,0,0
2024-03-07,12:01:00,"1,371.28","19,224.03",84,0,0
2024-03-07,15:00:00,"1,372.16","39,388.21",68,0,0
2024-03-07,16:30:00,"1,372.16","39,388.21",68,0,0
2024-03-08,11:00:00,"1,382.88","20,772.97",82,0,0
2024-03-08,12:01:00,"1,382.88","20,772.97",82,0,0
2024-03-08,15:00:00,"1,386.42","40,077.08",27,0,0
2024-03-08,16:30:00,"1,386.42","40,077.08",27,0,0
2024-03-11,11:00:00,"1,382.49","18,627.08",97,0,0
2024-03-11,12:01:00,"1,382.49","18,627.08",97,0,0
2024-03-11,15:00:00,"1,380.23","33,443.99",33,0,0
2024-03-11,16:30:00,"1,380.23","33,443.99",33,0,0
2024-03-12,11:00:00,"1,377.61","20,555.91",15,0,0
2024-03-12,12:01:00,"1,377.61","20,555.91",15,0,0
2024-03-12,15:00:00,"1,379.63","40,987.46",37,0,0
2024-03-12,16:30:00,"1,379.63","40,987.46",37,0,0
2024-03-13,11:00:00,"1,386.59","22,159.85",99,0,0
2024-03-13,12:01:00,"1,386.59","22,159.85",99,0,0
2024-03-13,15:00:00,"1,384.51","40,297.40",17,0,0
2024-03-13,16:30:00,"1,384.51","40,297.40",17,0,0
2024-03-14,11:00:00,"1,391.25","23,056.01",56,0,0
2024-03-14,12:01:00,"1,391.25","23,056.01",56,0,0
2024-03-14,15:00:00,"1,394.93","46,462.09",32,0,0
2024-03-14,16:30:00,"1,394.93","46,462.09",32,0,0
2024-03-15,11:00:00,"1,390.63","19,159.00",39,0,0
2024-03-15,12:01:00,"1,390.63","19,159.00",39,0,0
2024-03-15,15:00:00,"1,386.04","49,752.04",42,0,0
2024-03-15,16:30:00,"1,386.04","49,752.04",42,0,0
2024-03-18,11:00:00,"1,389.57","19,108.27",78,0,0
2024-03-18,12:01:00,"1,389.57","19,108.27",78,0,0
2024-03-18,15:00:00,"1,385.94","37,382.75",42,0,0
2024-03-18,16:30:00,"1,385.94","37,382.75",42,0,0
2024-03-19,11:00:00,"1,386.82","38,280.82",20,0,0
2024-03-19,12:01:00,"1,386.82","38,280.82",20,0,0
2024-03-19,15:00:00,"1,382.46","54,059.85",69,0,0
2024-03-19,16:30:00,"1,382.46","54,059.85",69,0,0
2024-03-20,11:00:00,"1,378.78","36,916.34",86,0,0
2024-03-20,12:01:00,"1,378.78","36,916.34",86,0,0
2024-03-20,15:00:00,"1,373.18","54,648.47",88,0,0
2024-03-20,16:30:00,"1,373.18","54,648.47",88,0,0
2024-03-21,11:00:00,"1,387.55","24,323.65",53,0,0
2024-03-21,12:01:00,"1,387.55","24,323.65",53,0,0
2024-03-21,15:00:00,"1,387.62","43,596.00",26,0,0
2024-03-21,16:30:00,"1,387.62","43,596.00",26,0,0
2024-03-22,11:00:00,"1,386.07","20,417.25",77,0,0
2024-03-22,12:01:00,"1,386.07","20,417.25",77,0,0
2024-03-22,15:00:00,"1,381.04","39,300.70",40,0,0
2024-03-22,16:30:00,"1,381.04","39,300.70",40,0,0
2024-03-25,11:00:00,"1,376.24","20,150.37",40,0,0
2024-03-25,12:01:00,"1,376.24","20,150.37",40,0,0
2024-03-25,15:00:00,"1,372.49","41,060.71",90,0,0
2024-03-25,16:30:00,"1,372.49","41,060.71",90,0,0
2024-03-26,11:00:00,"1,376.23","18,621.52",31,0,0
2024-03-26,12:01:00,"1,376.23","18,621.52",31,0,0
2024-03-26,15:00:00,"1,377.23","41,002.14",32,0,0
2024-03-26,16:30:00,"1,377.23","41,002.14",32,0,0
2024-03-27,11:00:00,"1,382.09","16,490.68",90,0,0
2024-03-27,12:01:00,"1,382.09","16,490.68",90,0,0
2024-03-27,15:00:00,"1,380.83","31,800.29",30,0,0
2024-03-27,16:30:00,"1,380.83","31,800.29",30,0,0
2024-03-28,11:00:00,"1,378.10","15,188.46",8,0,0
2024-03-28,12:01:00,"1,378.10","15,188.46",8,0,0
2024-03-28,15:00:00,"1,370.34","33,639.12",49,0,0
2024-03-28,16:30:00,"1,370.34","33,639.12",49,0,0
2024-03-29,11:00:00,"1,371.85","12,840.49",50,0,0
2024-03-29,12:01:00,"1,371.85","12,840.49",50,0,0
2024-03-29,15:00:00,"1,377.94","26,472.78",42,0,0
2024-03-29,16:30:00,"1,377.94","26,472.78",42,0,0
2024-04-01,11:00:00,"1,380.04","14,557.77",47,0,0
2024-04-01,12:01:00,"1,380.04","14,557.77",47,0,0
2024-04-01,15:00:00,"1,379.48","27,470.75",80,0,0
2024-04-01,16:30:00,"1,379.48","27,470.75",80,0,0
2024-04-02,11:00:00,"1,376.16","19,599.35",69,0,0
2024-04-02,12:01:00,"1,376.16","19,599.35",69,0,0
2024-04-02,15:00:00,"1,379.46","38,240.09",60,0,0
2024-04-02,16:30:00,"1,379.46","38,240.09",60,0,0
2024-04-03,11:00:00,"1,378.26","18,062.04",62,0,0
2024-04-03,12:01:00,"1,378.26","18,062.04",62,0,0
2024-04-03,15:00:00,"1,375.69","41,806.63",96,0,0
2024-04-03,16:30:00,"1,375.69","41,806.63",96,0,0
2024-04-04,11:00:00,"1,371.76","16,316.21",66,0,0
2024-04-04,12:01:00,"1,371.76","16,316.21",66,0,0
2024-04-04,15:00:00,"1,373.89","30,647.15",97,0,0
2024-04-04,16:30:00,"1,373.89","30,647.15",97,0,0
2024-04-08,11:00:00,"1,375.58","26,897.11",87,0,0
2024-04-08,12:01:00,"1,375.58","26,897.11",87,0,0
2024-04-08,15:00:00,"1,375.58","26,897.11",87,0,0
2024-04-08,16:30:00,"1,375.58","26,897.11",87,0,0
2024-04-09,11:00:00,"1,389.66","22,050.21",60,0,0
2024-04-09,12:01:00,"1,389.66","22,050.21",60,0,0
2024-04-09,15:00:00,"1,401.11","48,387.73",17,0,0
2024-04-09,16:30:00,"1,401.11","48,387.73",17,0,0
2024-04-10,11:00:00,"1,407.71","22,695.78",15,0,0
2024-04-10,12:01:00,"1,407.71","22,695.78",15,0,0
2024-04-10,15:00:00,"1,408.17","44,378.17",78,0,0
2024-04-10,16:30:00,"1,408.17","44,378.17",78,0,0
2024-04-11,11:00:00,"1,403.46","23,372.77",62,0,0
2024-04-11,12:01:00,"1,403.46","23,372.77",62,0,0
2024-04-11,15:00:00,"1,396.38","42,952.35",82,0,0
2024-04-11,16:30:00,"1,396.38","42,952.35",82,0,0
2024-04-16,11:00:00,"1,396.38","42,973.84",83,0,0
2024-04-16,12:01:00,"1,396.38","42,973.84",83,0,0
2024-04-16,15:00:00,"1,396.38","42,973.84",83,0,0
2024-04-16,16:30:00,"1,396.38","42,973.84",83,0,0
2024-04-17,11:00:00,"1,366.04","35,264.33",44,0,0
2024-04-17,12:01:00,"1,366.04","35,264.33",44,0,0
2024-04-17,15:00:00,"1,366.94","62,382.11",42,0,0
2024-04-17,16:30:00,"1,366.94","62,382.11",42,0,0
2024-04-18,11:00:00,"1,368.77","19,715.87",75,0,0
2024-04-18,12:01:00,"1,368.77","19,715.87",75,0,0
2024-04-18,15:00:00,"1,361.02","53,907.55",27,0,0
2024-04-18,16:30:00,"1,361.02","53,907.55",27,0,0
2024-04-19,11:00:00,"1,335.93","29,098.25",38,0,0
2024-04-19,12:01:00,"1,335.93","29,098.25",38,0,0
2024-04-19,15:00:00,"1,332.08","57,497.73",87,0,0
2024-04-19,16:30:00,"1,332.08","57,497.73",87,0,0
2024-04-22,11:00:00,"1,347.10","22,799.83",9,0,0
2024-04-22,12:01:00,"1,347.10","22,799.83",9,0,0
2024-04-22,15:00:00,"1,349.52","43,079.01",29,0,0
2024-04-22,16:30:00,"1,349.52","43,079.01",29,0,0
2024-04-23,11:00:00,"1,361.09","24,124.50",94,0,0
2024-04-23,12:01:00,"1,361.09","24,124.50",94,0,0
2024-04-23,15:00:00,"1,357.46","46,622.77",62,0,0
2024-04-23,16:30:00,"1,357.46","46,622.77",62,0,0
2024-04-24,11:00:00,"1,360.90","19,952.45",2,0,0
2024-04-24,12:01:00,"1,360.90","19,952.45",2,0,0
2024-04-24,15:00:00,"1,361.10","38,536.24",6,0,0
2024-04-24,16:30:00,"1,361.10","38,536.24",6,0,0
2024-04-25,11:00:00,"1,362.82","24,132.70",22,0,0
2024-04-25,12:01:00,"1,362.82","24,132.70",22,0,0
2024-04-25,15:00:00,"1,364.27","41,433.97",73,0,0
2024-04-25,16:30:00,"1,364.27","41,433.97",73,0,0
2024-04-26,11:00:00,"1,362.02","19,122.71",22,0,0
2024-04-26,12:01:00,"1,362.02","19,122.71",22,0,0
2024-04-26,15:00:00,"1,359.94","40,149.83",49,0,0
2024-04-26,16:30:00,"1,359.94","40,149.83",49,0,0
2024-04-29,11:00:00,"1,358.54","20,167.12",47,0,0
2024-04-29,12:01:00,"1,358.54","20,167.12",47,0,0
2024-04-29,15:00:00,"1,361.97","36,381.38",71,0,0
2024-04-29,16:30:00,"1,361.97","36,381.38",71,0,0
2024-05-01,11:00:00,"1,367.95","44,917.29",57,0,0
2024-05-01,12:01:00,"1,367.95","44,917.29",57,0,0
2024-05-01,15:00:00,"1,367.95","44,917.29",57,0,0
2024-05-01,16:30:00,"1,367.95","44,917.29",57,0,0
2024-05-02,11:00:00,"1,370.95","26,627.97",57,0,0
2024-05-02,12:01:00,"1,370.95","26,627.97",57,0,0
2024-05-02,15:00:00,"1,363.25","48,883.09",53,0,0
2024-05-02,16:30:00,"1,363.25","48,883.09",53,0,0
2024-05-06,11:00:00,"1,369.92","37,541.17",21,0,0
2024-05-06,12:01:00,"1,369.92","37,541.17",21,0,0
2024-05-06,15:00:00,"1,369.92","37,541.17",21,0,0
2024-05-06,16:30:00,"1,369.92","37,541.17",21,0,0
2024-05-07,11:00:00,"1,383.65","22,341.70",51,0,0
2024-05-07,12:01:00,"1,383.65","22,341.70",51,0,0
2024-05-07,15:00:00,"1,376.37","41,707.49",77,0,0
2024-05-07,16:30:00,"1,376.37","41,707.49",77,0,0
2024-05-08,11:00:00,"1,377.47","20,961.81",71,0,0
2024-05-08,12:01:00,"1,377.47","20,961.81",71,0,0
2024-05-08,15:00:00,"1,373.33","42,251.03",31,0,0
2024-05-08,16:30:00,"1,373.33","42,251.03",31,0,0
2024-05-09,11:00:00,"1,375.88","21,326.08",86,0,0
2024-05-09,12:01:00,"1,375.88","21,326.08",86,0,0
2024-05-09,15:00:00,"1,369.29","39,857.81",97,0,0
2024-05-09,16:30:00,"1,369.29","39,857.81",97,0,0
2024-05-10,11:00:00,"1,369.09","19,341.16",91,0,0
2024-05-10,12:01:00,"1,369.09","19,341.16",91,0,0
2024-05-10,15:00:00,"1,371.90","36,361.12",1,0,0
2024-05-10,16:30:00,"1,371.90","36,361.12",1,0,0
2024-05-13,11:00:00,"1,369.98","24,669.57",89,0,0
2024-05-13,12:01:00,"1,369.98","24,669.57",89,0,0
2024-05-13,15:00:00,"1,372.50","45,517.11",7,0,0
2024-05-13,16:30:00,"1,372.50","45,517.11",7,0,0
2024-05-14,11:00:00,"1,376.41","22,801.26",11,0,0
2024-05-14,12:01:00,"1,376.41","22,801.26",11,0,0
2024-05-14,15:00:00,"1,376.57","42,874.89",74,0,0
2024-05-14,16:30:00,"1,376.57","42,874.89",74,0,0
2024-05-15,11:00:00,"1,370.15","27,702.93",52,0,0
2024-05-15,12:01:00,"1,370.15","27,702.93",52,0,0
2024-05-15,15:00:00,"1,370.44","49,685.70",45,0,0
2024-05-15,16:30:00,"1,370.44","49,685.70",45,0,0
2024-05-16,11:00:00,"1,381.43","29,365.54",35,0,0
2024-05-16,12:01:00,"1,381.43","29,365.54",35,0,0
2024-05-16,15:00:00,"1,377.72","51,462.62",22,0,0
2024-05-16,16:30:00,"1,377.72","51,462.62",22,0,0
2024-05-17,11:00:00,"1,379.33","19,815.74",35,0,0
2024-05-17,12:01:00,"1,379.33","19,815.74",35,0,0
2024-05-17,15:00:00,"1,382.68","40,241.23",81,0,0
2024-05-17,16:30:00,"1,382.68","40,241.23",81,0,0
2024-05-20,11:00:00,"1,384.25","25,732.70",52,0,0
2024-05-20,12:01:00,"1,384.25","25,732.70",52,0,0
2024-05-20,15:00:00,"1,378.70","44,052.38",2,0,0
2024-05-20,16:30:00,"1,378.70","44,052.38",2,0,0
2024-05-22,11:00:00,"1,370.83","38,402.65",32,0,0
2024-05-22,12:01:00,"1,370.83","38,402.65",32,0,0
2024-05-22,15:00:00,"1,370.83","38,402.65",32,0,0
2024-05-22,16:30:00,"1,370.83","38,402.65",32,0,0
2024-05-23,11:00:00,"1,370.47","21,484.34",74,0,0
2024-05-23,12:01:00,"1,370.47","21,484.34",74,0,0
2024-05-23,15:00:00,"1,367.84","46,236.17",46,0,0
2024-05-23,16:30:00,"1,367.84","46,236.17",46,0,0
2024-05-24,11:00:00,"1,361.99","19,638.73",98,0,0
2024-05-24,12:01:00,"1,361.99","19,638.73",98,0,0
2024-05-24,15:00:00,"1,364.48","35,778.61",88,0,0
2024-05-24,16:30:00,"1,364.48","35,778.61",88,0,0
2024-05-27,11:00:00,"1,363.47","20,097.42",77,0,0
2024-05-27,12:01:00,"1,363.47","20,097.42",77,0,0
2024-05-27,15:00:00,"1,366.37","34,608.59",78,0,0
2024-05-27,16:30:00,"1,366.37","34,608.59",78,0,0
2024-05-28,11:00:00,"1,365.01","16,750.30",10,0,0
2024-05-28,12:01:00,"1,365.01","16,750.30",10,0,0
2024-05-28,15:00:00,"1,362.70","33,875.15",5,0,0
2024-05-28,16:30:00,"1,362.70","33,875.15",5,0,0
2024-05-29,11:00:00,"1,358.31","22,837.57",17,0,0
2024-05-29,12:01:00,"1,358.31","22,837.57",17,0,0
2024-05-29,15:00:00,"1,349.83","44,138.94",38,0,0
2024-05-29,16:30:00,"1,349.83","44,138.94",38,0,0
2024-05-30,11:00:00,"1,343.82","23,525.98",25,0,0
2024-05-30,12:01:00,"1,343.82","23,525.98",25,0,0
2024-05-30,15:00:00,"1,351.52","43,760.18",20,0,0
2024-05-30,16:30:00,"1,351.52","43,760.18",20,0,0
2024-05-31,11:00:00,"1,348.83","21,404.99",34,0,0
2024-05-31,12:01:00,"1,348.83","21,404.99",34,0,0
2024-05-31,15:00:00,"1,345.66","74,814.30",64,0,0
2024-05-31,16:30:00,"1,345.66","74,814.30",64,0,0
2024-06-03,11:00:00,"1,345.66","74,843.96",63,0,0
2024-06-03,12:01:00,"1,345.66","74,843.96",63,0,0
2024-06-03,15:00:00,"1,345.66","74,843.96",63,0,0
2024-06-03,16:30:00,"1,345.66","74,843.96",63,0,0
2024-06-04,11:00:00,"1,345.03","25,677.92",37,0,0
2024-06-04,12:01:00,"1,345.03","25,677.92",37,0,0
2024-06-04,15:00:00,"1,337.32","45,875.78",25,0,0
2024-06-04,16:30:00,"1,337.32","45,875.78",25,0,0
2024-06-05,11:00:00,"1,340.82","20,503.40",23,0,0
2024-06-05,12:01:00,"1,340.82","20,503.40",23,0,0
2024-06-05,15:00:00,"1,338.32","38,600.06",20,0,0
2024-06-05,16:30:00,"1,338.32","38,600.06",20,0,0
2024-06-06,11:00:00,"1,335.73","21,882.31",32,0,0
2024-06-06,12:01:00,"1,335.73","21,882.31",32,0,0
2024-06-06,15:00:00,"1,328.41","45,540.12",10,0,0
2024-06-06,16:30:00,"1,328.41","45,540.12",10,0,0
2024-06-07,11:00:00,"1,331.67","21,862.69",72,0,0
2024-06-07,12:01:00,"1,331.67","21,862.69",72,0,0
2024-06-07,15:00:00,"1,332.74","40,269.66",49,0,0
2024-06-07,16:30:00,"1,332.74","40,269.66",49,0,0
2024-06-10,11:00:00,"1,315.66","23,321.87",61,0,0
2024-06-10,12:01:00,"1,315.66","23,321.87",61,0,0
2024-06-10,15:00:00,"1,318.57","38,324.69",74,0,0
2024-06-10,16:30:00,"1,318.57","38,324.69",74,0,0
2024-06-11,11:00:00,"1,318.56","21,579.07",69,0,0
2024-06-11,12:01:00,"1,318.56","21,579.07",69,0,0
2024-06-11,15:00:00,"1,316.10","45,320.57",0,0,0
2024-06-11,16:30:00,"1,316.10","45,320.57",0,0,0
2024-06-12,11:00:00,"1,315.73","25,993.87",33,0,0
2024-06-12,12:01:00,"1,315.73","25,993.87",33,0,0
2024-06-12,15:00:00,"1,316.69","46,526.49",96,0,0
2024-06-12,16:30:00,"1,316.69","46,526.49",96,0,0
2024-06-13,11:00:00,"1,316.35","18,652.68",52,0,0
2024-06-13,12:01:00,"1,316.35","18,652.68",52,0,0
2024-06-13,15:00:00,"1,311.78","38,267.35",87,0,0
2024-06-13,16:30:00,"1,311.78","38,267.35",87,0,0
2024-06-14,11:00:00,"1,309.56","19,972.35",62,0,0
2024-06-14,12:01:00,"1,309.56","19,972.35",62,0,0
2024-06-14,15:00:00,"1,306.56","38,624.00",64,0,0
2024-06-14,16:30:00,"1,306.56","38,624.00",64,0,0
2024-06-17,11:00:00,"1,291.92","22,759.93",29,0,0
2024-06-17,12:01:00,"1,291.92","22,759.93",29,0,0
2024-06-17,15:00:00,"1,296.59","40,649.58",99,0,0
2024-06-17,16:30:00,"1,296.59","40,649.58",99,0,0
2024-06-18,11:00:00,"1,308.61","18,987.03",17,0,0
2024-06-18,12:01:00,"1,308.61","18,987.03",17,0,0
2024-06-18,15:00:00,"1,297.41","38,015.41",15,0,0
2024-06-18,16:30:00,"1,297.41","38,015.41",15,0,0
2024-06-19,11:00:00,"1,288.92","31,466.04",26,0,0
2024-06-19,12:01:00,"1,288.92","31,466.04",26,0,0
2024-06-19,15:00:00,"1,303.82","63,022.30",22,0,0
2024-06-19,16:30:00,"1,303.82","63,022.30",22,0,0
2024-06-20,11:00:00,"1,298.19","20,182.26",92,0,0
2024-06-20,12:01:00,"1,298.19","20,182.26",92,0,0
2024-06-20,15:00:00,"1,298.29","37,897.06",97,0,0
2024-06-20,16:30:00,"1,298.29","37,897.06",97,0,0
2024-06-21,11:00:00,"1,305.59","24,708.86",98,0,0
2024-06-21,12:01:00,"1,305.59","24,708.86",98,0,0
2024-06-21,15:00:00,"1,306.41","56,463.17",13,0,0
2024-06-21,16:30:00,"1,306.41","56,463.17",13,0,0
2024-06-24,11:00:00,"1,307.08","18,686.47",86,0,0
2024-06-24,12:01:00,"1,307.08","18,686.47",86,0,0
2024-06-24,15:00:00,"1,316.73","38,354.24",34,0,0
2024-06-24,16:30:00,"1,316.73","38,354.24",34,0,0
2024-06-25,11:00:00,"1,321.74","20,866.14",46,0,0
2024-06-25,12:01:00,"1,321.74","20,866.14",46,0,0
2024-06-25,15:00:00,"1,319.14","39,344.67",44,0,0
2024-06-25,16:30:00,"1,319.14","39,344.67",44,0,0
2024-06-26,11:00:00,"1,317.67","17,987.34",77,0,0
2024-06-26,12:01:00,"1,317.67","17,987.34",77,0,0
2024-06-26,15:00:00,"1,319.15","35,483.90",53,0,0
2024-06-26,16:30:00,"1,319.15","35,483.90",53,0,0
2024-06-27,11:00:00,"1,309.92","15,570.08",20,0,0
2024-06-27,12:01:00,"1,309.92","15,570.08",20,0,0
2024-06-27,15:00:00,"1,309.46","34,140.71",60,0,0
2024-06-27,16:30:00,"1,309.46","34,140.71",60,0,0
2024-06-28,11:00:00,"1,301.18","27,094.67",84,0,0
2024-06-28,12:01:00,"1,301.18","27,094.67",84,0,0
2024-06-28,15:00:00,"1,300.96","54,526.19",66,0,0
2024-06-28,16:30:00,"1,300.96","54,526.19",66,0,0
2024-07-01,11:00:00,"1,299.91","15,068.97",18,0,0
2024-07-01,12:01:00,"1,299.91","15,068.97",18,0,0
2024-07-01,15:00:00,"1,299.35","29,731.34",51,0,0
2024-07-01,16:30:00,"1,299.35","29,731.34",51,0,0
2024-07-02,11:00:00,"1,294.64","19,303.16",43,0,0
2024-07-02,12:01:00,"1,294.64","19,303.16",43,0,0
2024-07-02,15:00:00,"1,288.58","38,214.19",84,0,0
2024-07-02,16:30:00,"1,288.58","38,214.19",84,0,0
2024-07-03,11:00:00,"1,292.10","14,393.08",3,0,0
2024-07-03,12:01:00,"1,292.10","14,393.08",3,0,0
2024-07-03,15:00:00,"1,294.70","27,591.36",1,0,0
2024-07-03,16:30:00,"1,294.70","27,591.36",1,0,0
2024-07-04,11:00:00,"1,306.74","16,313.61",43,0,0
2024-07-04,12:01:00,"1,306.74","16,313.61",43,0,0
2024-07-04,15:00:00,"1,301.04","29,670.89",40,0,0
2024-07-04,16:30:00,"1,301.04","29,670.89",40,0,0
2024-07-05,11:00:00,"1,303.68","13,619.49",89,0,0
2024-07-05,12:01:00,"1,303.68","13,619.49",89,0,0
2024-07-05,15:00:00,"1,311.99","32,907.92",97,0,0
2024-07-05,16:30:00,"1,311.99","32,907.92",97,0,0
2024-07-08,11:00:00,"1,315.05","15,511.63",51,0,0
2024-07-08,12:01:00,"1,315.05","15,511.63",51,0,0
2024-07-08,15:00:00,"1,322.50","31,299.39",9,0,0
2024-07-08,16:30:00,"1,322.50","31,299.39",9,0,0
2024-07-09,11:00:00,"1,320.13","20,179.75",39,0,0
2024-07-09,12:01:00,"1,320.13","20,179.75",39,0,0
2024-07-09,15:00:00,"1,319.92","38,111.14",21,0,0
2024-07-09,16:30:00,"1,319.92","38,111.14",21,0,0
2024-07-10,11:00:00,"1,322.29","16,764.28",94,0,0
2024-07-10,12:01:00,"1,322.29","16,764.28",94,0,0
2024-07-10,15:00:00,"1,323.28","34,210.34",80,0,0
2024-07-10,16:30:00,"1,323.28","34,210.34",80,0,0
2024-07-11,11:00:00,"1,326.04","19,445.91",45,0,0
2024-07-11,12:01:00,"1,326.04","19,445.91",45,0,0
2024-07-11,15:00:00,"1,329.37","40,298.48",78,0,0
2024-07-11,16:30:00,"1,329.37","40,298.48",78,0,0
2024-07-12,11:00:00,"1,331.23","18,282.89",32,0,0
2024-07-12,12:01:00,"1,331.23","18,282.89",32,0,0
2024-07-12,15:00:00,"1,332.04","37,589.86",49,0,0
2024-07-12,16:30:00,"1,332.04","37,589.86",49,0,0
2024-07-15,11:00:00,"1,323.36","16,852.41",62,0,0
2024-07-15,12:01:00,"1,323.36","16,852.41",62,0,0
2024-07-15,15:00:00,"1,327.43","33,603.98",33,0,0
2024-07-15,16:30:00,"1,327.43","33,603.98",33,0,0
2024-07-16,11:00:00,"1,327.07","16,083.75",73,0,0
2024-07-16,12:01:00,"1,327.07","16,083.75",73,0,0
2024-07-16,15:00:00,"1,321.31","36,028.80",18,0,0
2024-07-16,16:30:00,"1,321.31","36,028.80",18,0,0
2024-07-17,11:00:00,"1,324.22","24,134.85",24,0,0
2024-07-17,12:01:00,"1,324.22","24,134.85",24,0,0
2024-07-17,15:00:00,"1,319.79","46,505.94",95,0,0
2024-07-17,16:30:00,"1,319.79","46,505.94",95,0,0
2024-07-18,11:00:00,"1,323.44","23,794.84",44,0,0
2024-07-18,12:01:00,"1,323.44","23,794.84",44,0,0
2024-07-18,15:00:00,"1,324.76","44,630.96",60,0,0
2024-07-18,16:30:00,"1,324.76","44,630.96",60,0,0
2024-07-22,11:00:00,"1,317.14","37,836.67",46,0,0
2024-07-22,12:01:00,"1,317.14","37,836.67",46,0,0
2024-07-22,15:00:00,"1,317.14","37,836.67",46,0,0
2024-07-22,16:30:00,"1,317.14","37,836.67",46,0,0
2024-07-23,11:00:00,"1,305.86","23,088.22",68,0,0
2024-07-23,12:01:00,"1,305.86","23,088.22",68,0,0
2024-07-23,15:00:00,"1,301.54","40,319.60",49,0,0
2024-07-23,16:30:00,"1,301.54","40,319.60",49,0,0
2024-07-24,11:00:00,"1,298.10","14,483.06",3,0,0
2024-07-24,12:01:00,"1,298.10","14,483.06",3,0,0
2024-07-24,15:00:00,"1,298.08","29,579.16",89,0,0
2024-07-24,16:30:00,"1,298.08","29,579.16",89,0,0
2024-07-25,11:00:00,"1,292.72","18,550.40",20,0,0
2024-07-25,12:01:00,"1,292.72","18,550.40",20,0,0
2024-07-25,15:00:00,"1,291.58","34,128.34",88,0,0
2024-07-25,16:30:00,"1,291.58","34,128.34",88,0,0
2024-07-29,11:00:00,"1,307.21","40,186.31",16,0,0
2024-07-29,12:01:00,"1,307.21","40,186.31",16,0,0
2024-07-29,15:00:00,"1,307.21","40,186.31",16,0,0
2024-07-29,16:30:00,"1,307.21","40,186.31",16,0,0
2024-07-30,11:00:00,"1,311.81","22,637.81",17,0,0
2024-07-30,12:01:00,"1,311.81","22,637.81",17,0,0
2024-07-30,15:00:00,"1,308.09","45,528.24",98,0,0
2024-07-30,16:30:00,"1,308.09","45,528.24",98,0,0
2024-07-31,11:00:00,"1,318.20","19,354.63",4,0,0
2024-07-31,12:01:00,"1,318.20","19,354.63",4,0,0
2024-07-31,15:00:00,"1,320.86","42,651.08",61,0,0
2024-07-31,16:30:00,"1,320.86","42,651.08",61,0,0
2024-08-01,11:00:00,"1,327.04","17,252.15",42,0,0
2024-08-01,12:01:00,"1,327.04","17,252.15",42,0,0
2024-08-01,15:00:00,"1,322.75","36,835.90",55,0,0
2024-08-01,16:30:00,"1,322.75","36,835.90",55,0,0
2024-08-02,11:00:00,"1,315.86","16,002.01",62,0,0
2024-08-02,12:01:00,"1,315.86","16,002.01",62,0,0
2024-08-02,15:00:00,"1,313.08","34,650.56",80,0,0
2024-08-02,16:30:00,"1,313.08","34,650.56",80,0,0
2024-08-05,11:00:00,"1,287.45","28,355.86",55,0,0
2024-08-05,12:01:00,"1,287.45","28,355.86",55,0,0
2024-08-05,15:00:00,"1,274.67","58,744.07",74,0,0
2024-08-05,16:30:00,"1,274.67","58,744.07",74,0,0
2024-08-06,11:00:00,"1,280.62","21,481.03",21,0,0
2024-08-06,12:01:00,"1,280.62","21,481.03",21,0,0
2024-08-06,15:00:00,"1,274.01","38,230.49",10,0,0
2024-08-06,16:30:00,"1,274.01","38,230.49",10,0,0
2024-08-07,11:00:00,"1,292.97","20,099.36",79,0,0
2024-08-07,12:01:00,"1,292.97","20,099.36",79,0,0
2024-08-07,15:00:00,"1,290.55","40,025.79",55,0,0
2024-08-07,16:30:00,"1,290.55","40,025.79",55,0,0
2024-08-08,11:00:00,"1,295.65","18,581.01",51,0,0
2024-08-08,12:01:00,"1,295.65","18,581.01",51,0,0
2024-08-08,15:00:00,"1,296.25","36,210.15",50,0,0
2024-08-08,16:30:00,"1,296.25","36,210.15",50,0,0
2024-08-09,11:00:00,"1,297.05","22,032.20",52,0,0
2024-08-09,12:01:00,"1,297.05","22,032.20",52,0,0
2024-08-09,15:00:00,"1,297.07","42,933.81",73,0,0
2024-08-09,16:30:00,"1,297.07","42,933.81",73,0,0
2024-08-12,11:00:00,"1,297.07","42,948.13",78,0,0
2024-08-12,12:01:00,"1,297.07","42,948.13",78,0,0
2024-08-12,15:00:00,"1,297.07","42,948.13",78,0,0
2024-08-12,16:30:00,"1,297.07","42,948.13",78,0,0
2024-08-13,11:00:00,"1,297.15","21,155.94",55,0,0
2024-08-13,12:01:00,"1,297.15","21,155.94",55,0,0
2024-08-13,15:00:00,"1,297.79","40,546.34",96,0,0
2024-08-13,16:30:00,"1,297.79","40,546.34",96,0,0
2024-08-14,11:00:00,"1,303.79","17,084.69",94,0,0
2024-08-14,12:01:00,"1,303.79","17,084.69",94,0,0
2024-08-14,15:00:00,"1,292.69","53,352.88",92,0,0
2024-08-14,16:30:00,"1,292.69","53,352.88",92,0,0
2024-08-15,11:00:00,"1,283.85","22,146.70",56,0,0
2024-08-15,12:01:00,"1,283.85","22,146.70",56,0,0
2024-08-15,15:00:00,"1,289.84","41,309.39",49,0,0
2024-08-15,16:30:00,"1,289.84","41,309.39",49,0,0
2024-08-16,11:00:00,"1,297.89","18,180.68",90,0,0
2024-08-16,12:01:00,"1,297.89","18,180.68",90,0,0
2024-08-16,15:00:00,"1,303.00","35,657.72",7,0,0
2024-08-16,16:30:00,"1,303.00","35,657.72",7,0,0
2024-08-19,11:00:00,"1,317.64","38,749.30",49,0,0
2024-08-19,12:01:00,"1,317.64","38,749.30",49,0,0
2024-08-19,15:00:00,"1,323.38","62,358.60",88,0,0
2024-08-19,16:30:00,"1,323.38","62,358.60",88,0,0
2024-08-20,11:00:00,"1,331.07","26,763.89",73,0,0
2024-08-20,12:01:00,"1,331.07","26,763.89",73,0,0
2024-08-20,15:00:00,"1,328.12","47,980.65",20,0,0
2024-08-20,16:30:00,"1,328.12","47,980.65",20,0,0
2024-08-21,11:00:00,"1,334.15","23,030.27",50,0,0
2024-08-21,12:01:00,"1,334.15","23,030.27",50,0,0
2024-08-21,15:00:00,"1,337.83","41,295.23",35,0,0
2024-08-21,16:30:00,"1,337.83","41,295.23",35,0,0
2024-08-22,11:00:00,"1,339.06","19,864.03",64,0,0
2024-08-22,12:01:00,"1,339.06","19,864.03",64,0,0
2024-08-22,15:00:00,"1,341.03","38,464.07",34,0,0
2024-08-22,16:30:00,"1,341.03","38,464.07",34,0,0
2024-08-23,11:00:00,"1,352.58","32,185.26",85,0,0
2024-08-23,12:01:00,"1,352.58","32,185.26",85,0,0
2024-08-23,15:00:00,"1,354.87","62,545.75",75,0,0
2024-08-23,16:30:00,"1,354.87","62,545.75",75,0,0
2024-08-26,11:00:00,"1,357.86","24,258.76",68,0,0
2024-08-26,12:01:00,"1,357.86","24,258.76",68,0,0
2024-08-26,15:00:00,"1,364.81","47,339.20",19,0,0
2024-08-26,16:30:00,"1,364.81","47,339.20",19,0,0
2024-08-27,11:00:00,"1,363.84","23,203.83",43,0,0
2024-08-27,12:01:00,"1,363.84","23,203.83",43,0,0
2024-08-27,15:00:00,"1,364.31","43,474.64",14,0,0
2024-08-27,16:30:00,"1,364.31","43,474.64",14,0,0
2024-08-28,11:00:00,"1,362.36","21,177.28",67,0,0
2024-08-28,12:01:00,"1,362.36","21,177.28",67,0,0
2024-08-28,15:00:00,"1,365.72","43,085.76",25,0,0
2024-08-28,16:30:00,"1,365.72","43,085.76",25,0,0
2024-08-29,11:00:00,"1,357.57","20,218.56",78,0,0
2024-08-29,12:01:00,"1,357.57","20,218.56",78,0,0
2024-08-29,15:00:00,"1,357.41","35,372.62",12,0,0
2024-08-29,16:30:00,"1,357.41","35,372.62",12,0,0
2024-08-30,11:00:00,"1,362.06","16,706.87",66,0,0
2024-08-30,12:01:00,"1,362.06","16,706.87",66,0,0
2024-08-30,15:00:00,"1,359.07","60,052.99",72,0,0
2024-08-30,16:30:00,"1,359.07","60,052.99",72,0,0
2024-09-02,11:00:00,"1,354.27","18,827.77",77,0,0
2024-09-02,12:01:00,"1,354.27","18,827.77",77,0,0
2024-09-02,15:00:00,"1,353.64","33,174.74",44,0,0
2024-09-02,16:30:00,"1,353.64","33,174.74",44,0,0
2024-09-03,11:00:00,"1,361.83","20,256.11",36,0,0
2024-09-03,12:01:00,"1,361.83","20,256.11",36,0,0
2024-09-03,15:00:00,"1,364.60","42,261.36",1,0,0
2024-09-03,16:30:00,"1,364.60","42,261.36",1,0,0
2024-09-04,11:00:00,"1,363.36","20,143.90",63,0,0
2024-09-04,12:01:00,"1,363.36","20,143.90",63,0,0
2024-09-04,15:00:00,"1,365.49","38,947.33",97,0,0
2024-09-04,16:30:00,"1,365.49","38,947.33",97,0,0
2024-09-05,11:00:00,"1,394.20","39,670.21",0,0,0
2024-09-05,12:01:00,"1,394.20","39,670.21",0,0,0
2024-09-05,15:00:00,"1,404.28","81,736.15",86,0,0
2024-09-05,16:30:00,"1,404.28","81,736.15",86,0,0
2024-09-06,11:00:00,"1,426.80","56,940.73",0,0,0
2024-09-06,12:01:00,"1,426.80","56,940.73",0,0,0
2024-09-06,15:00:00,"1,427.64","107,404.75",44,0,0
2024-09-06,16:30:00,"1,427.64","107,404.75",44,0,0
2024-09-09,11:00:00,"1,428.99","53,261.46",91,0,0
2024-09-09,12:01:00,"1,428.99","53,261.46",91,0,0
2024-09-09,15:00:00,"1,431.13","87,214.48",34,0,0
2024-09-09,16:30:00,"1,431.13","87,214.48",34,0,0
2024-09-10,11:00:00,"1,424.51","33,433.70",13,0,0
2024-09-10,12:01:00,"1,424.51","33,433.70",13,0,0
2024-09-10,15:00:00,"1,428.03","64,216.02",36,0,0
2024-09-10,16:30:00,"1,428.03","64,216.02",36,0,0
2024-09-11,11:00:00,"1,411.15","41,681.89",51,0,0
2024-09-11,12:01:00,"1,411.15","41,681.89",51,0,0
2024-09-11,15:00:00,"1,415.41","73,985.61",15,0,0
2024-09-11,16:30:00,"1,415.41","73,985.61",15,0,0
2024-09-12,11:00:00,"1,424.37","26,367.05",77,0,0
2024-09-12,12:01:00,"1,424.37","26,367.05",77,0,0
2024-09-12,15:00:00,"1,421.58","47,485.39",85,0,0
2024-09-12,16:30:00,"1,421.58","47,485.39",85,0,0
2024-09-13,11:00:00,"1,428.03","29,481.93",31,0,0
2024-09-13,12:01:00,"1,428.03","29,481.93",31,0,0
2024-09-13,15:00:00,"1,424.39","53,777.59",97,0,0
2024-09-13,16:30:00,"1,424.39","53,777.59",97,0,0
2024-09-16,11:00:00,"1,433.20","32,869.07",9,0,0
2024-09-16,12:01:00,"1,433.20","32,869.07",9,0,0
2024-09-16,15:00:00,"1,435.53","61,020.12",30,0,0
2024-09-16,16:30:00,"1,435.53","61,020.12",30,0,0
2024-09-17,11:00:00,"1,437.02","29,069.29",29,0,0
2024-09-17,12:01:00,"1,437.02","29,069.29",29,0,0
2024-09-17,15:00:00,"1,436.60","54,393.17",3,0,0
2024-09-17,16:30:00,"1,436.60","54,393.17",3,0,0
2024-09-18,11:00:00,"1,439.35","31,284.30",54,0,0
2024-09-18,12:01:00,"1,439.35","31,284.30",54,0,0
2024-09-18,15:00:00,"1,435.77","56,568.28",78,0,0
2024-09-18,16:30:00,"1,435.77","56,568.28",78,0,0
2024-09-19,11:00:00,"1,445.95","34,707.80",57,0,0
2024-09-19,12:01:00,"1,445.95","34,707.80",57,0,0
2024-09-19,15:00:00,"1,454.84","67,668.10",48,0,0
2024-09-19,16:30:00,"1,454.84","67,668.10",48,0,0
2024-09-20,11:00:00,"1,458.28","30,711.62",81,0,0
2024-09-20,12:01:00,"1,458.28","30,711.62",81,0,0
2024-09-20,15:00:00,"1,451.69","67,537.63",97,0,0
2024-09-20,16:30:00,"1,451.69","67,537.63",97,0,0
2024-09-23,11:00:00,"1,451.78","24,043.80",83,0,0
2024-09-23,12:01:00,"1,451.78","24,043.80",83,0,0
2024-09-23,15:00:00,"1,447.90","50,673.11",3,0,0
2024-09-23,16:30:00,"1,447.90","50,673.11",3,0,0
2024-09-24,11:00:00,"1,453.32","25,241.92",21,0,0
2024-09-24,12:01:00,"1,453.32","25,241.92",21,0,0
2024-09-24,15:00:00,"1,462.10","56,773.74",3,0,0
2024-09-24,16:30:00,"1,462.10","56,773.74",3,0,0
2024-09-25,11:00:00,"1,469.06","36,571.20",61,0,0
2024-09-25,12:01:00,"1,469.06","36,571.20",61,0,0
2024-09-25,15:00:00,"1,461.58","62,588.09",88,0,0
2024-09-25,16:30:00,"1,461.58","62,588.09",88,0,0
2024-09-26,11:00:00,"1,457.68","29,650.58",80,0,0
2024-09-26,12:01:00,"1,457.68","29,650.58",80,0,0
2024-09-26,15:00:00,"1,455.03","56,070.27",30,0,0
2024-09-26,16:30:00,"1,455.03","56,070.27",30,0,0
2024-09-27,11:00:00,"1,458.00","30,145.70",5,0,0
2024-09-27,12:01:00,"1,458.00","30,145.70",5,0,0
2024-09-27,15:00:00,"1,450.15","60,569.97",59,0,0
2024-09-27,16:30:00,"1,450.15","60,569.97",59,0,0
2024-09-30,11:00:00,"1,451.75","25,286.08",56,0,0
2024-09-30,12:01:00,"1,451.75","25,286.08",56,0,0
2024-09-30,15:00:00,"1,448.83","52,870.12",30,0,0
2024-09-30,16:30:00,"1,448.83","52,870.12",30,0,0
2024-10-01,11:00:00,"1,459.76","27,046.50",66,0,0
2024-10-01,12:01:00,"1,459.76","27,046.50",66,0,0
2024-10-01,15:00:00,"1,464.66","52,588.69",68,0,0
2024-10-01,16:30:00,"1,464.66","52,588.69",68,0,0
2024-10-02,11:00:00,"1,456.28","30,059.35",89,0,0
2024-10-02,12:01:00,"1,456.28","30,059.35",89,0,0
2024-10-02,15:00:00,"1,451.40","57,903.77",3,0,0
2024-10-02,16:30:00,"1,451.40","57,903.77",3,0,0
2024-10-03,11:00:00,"1,451.33","29,176.10",36,0,0
2024-10-03,12:01:00,"1,451.33","29,176.10",36,0,0
2024-10-03,15:00:00,"1,442.73","57,538.87",38,0,0
2024-10-03,16:30:00,"1,442.73","57,538.87",38,0,0
2024-10-04,11:00:00,"1,444.79","35,064.99",94,0,0
2024-10-04,12:01:00,"1,444.79","35,064.99",94,0,0
2024-10-04,15:00:00,"1,444.25","63,959.04",59,0,0
2024-10-04,16:30:00,"1,444.25","63,959.04",59,0,0
2024-10-07,11:00:00,"1,448.54","28,178.07",48,0,0
2024-10-07,12:01:00,"1,448.54","28,178.07",48,0,0
2024-10-07,15:00:00,"1,452.20","49,390.10",0,0,0
2024-10-07,16:30:00,"1,452.20","49,390.10",0,0,0
2024-10-08,11:00:00,"1,453.80","27,493.49",3,0,0
2024-10-08,12:01:00,"1,453.80","27,493.49",3,0,0
2024-10-08,15:00:00,"1,452.80","54,745.88",5,0,0
2024-10-08,16:30:00,"1,452.80","54,745.88",5,0,0
2024-10-09,11:00:00,"1,457.06","25,348.53",68,0,0
2024-10-09,12:01:00,"1,457.06","25,348.53",68,0,0
2024-10-09,15:00:00,"1,456.97","49,353.81",73,0,0
2024-10-09,16:30:00,"1,456.97","49,353.81",73,0,0
2024-10-10,11:00:00,"1,467.61","25,641.37",11,0,0
2024-10-10,12:01:00,"1,467.61","25,641.37",11,0,0
2024-10-10,15:00:00,"1,468.52","50,401.96",21,0,0
2024-10-10,16:30:00,"1,468.52","50,401.96",21,0,0
2024-10-14,11:00:00,"1,470.10","60,196.60",6,0,0
2024-10-14,12:01:00,"1,470.10","60,196.60",6,0,0
2024-10-14,15:00:00,"1,470.10","60,196.60",6,0,0
2024-10-14,16:30:00,"1,470.10","60,196.60",6,0,0
2024-10-15,11:00:00,"1,472.38","34,381.61",81,0,0
2024-10-15,12:01:00,"1,472.38","34,381.61",81,0,0
2024-10-15,15:00:00,"1,465.03","64,670.89",30,0,0
2024-10-15,16:30:00,"1,465.03","64,670.89",30,0,0
2024-10-16,11:00:00,"1,467.80","23,954.93",4,0,0
2024-10-16,12:01:00,"1,467.80","23,954.93",4,0,0
2024-10-16,15:00:00,"1,485.01","77,184.13",14,0,0
2024-10-16,16:30:00,"1,485.01","77,184.13",14,0,0
2024-10-17,11:00:00,"1,495.21","31,378.02",18,0,0
2024-10-17,12:01:00,"1,495.21","31,378.02",18,0,0
2024-10-17,15:00:00,"1,495.02","60,355.34",25,0,0
2024-10-17,16:30:00,"1,495.02","60,355.34",25,0,0
2024-10-18,11:00:00,"1,498.68","33,505.87",85,0,0
2024-10-18,12:01:00,"1,498.68","33,505.87",85,0,0
2024-10-18,15:00:00,"1,489.82","64,650.07",20,0,0
2024-10-18,16:30:00,"1,489.82","64,650.07",20,0,0
2024-10-21,11:00:00,"1,486.81","21,375.76",15,0,0
2024-10-21,12:01:00,"1,486.81","21,375.76",15,0,0
2024-10-21,15:00:00,"1,488.74","41,634.31",44,0,0
2024-10-21,16:30:00,"1,488.74","41,634.31",44,0,0
2024-10-23,11:00:00,"1,470.32","57,044.51",24,0,0
2024-10-23,12:01:00,"1,470.32","57,044.51",24,0,0
2024-10-23,15:00:00,"1,470.32","57,044.51",24,0,0
2024-10-23,16:30:00,"1,470.32","57,044.51",24,0,0
2024-10-24,11:00:00,"1,467.51","28,631.46",11,0,0
2024-10-24,12:01:00,"1,467.51","28,631.46",11,0,0
2024-10-24,15:00:00,"1,460.64","54,387.95",47,0,0
2024-10-24,16:30:00,"1,460.64","54,387.95",47,0,0
2024-10-25,11:00:00,"1,463.65","22,804.64",54,0,0
2024-10-25,12:01:00,"1,463.65","22,804.64",54,0,0
2024-10-25,15:00:00,"1,463.42","41,293.39",23,0,0
2024-10-25,16:30:00,"1,463.42","41,293.39",23,0,0
2024-10-28,11:00:00,"1,455.31","25,643.64",13,0,0
2024-10-28,12:01:00,"1,455.31","25,643.64",13,0,0
2024-10-28,15:00:00,"1,453.03","45,931.58",31,0,0
2024-10-28,16:30:00,"1,453.03","45,931.58",31,0,0
2024-10-29,11:00:00,"1,456.32","19,011.11",21,0,0
2024-10-29,12:01:00,"1,456.32","19,011.11",21,0,0
2024-10-29,15:00:00,"1,451.16","40,856.97",66,0,0
2024-10-29,16:30:00,"1,451.16","40,856.97",66,0,0
2024-10-30,11:00:00,"1,450.67","18,424.83",74,0,0
2024-10-30,12:01:00,"1,450.67","18,424.83",74,0,0
2024-10-30,15:00:00,"1,447.20","39,584.25",4,0,0
2024-10-30,16:30:00,"1,447.20","39,584.25",4,0,0
2024-10-31,11:00:00,"1,460.19","18,559.90",99,0,0
2024-10-31,12:01:00,"1,460.19","18,559.90",99,0,0
2024-10-31,15:00:00,"1,466.04","42,739.35",49,0,0
2024-10-31,16:30:00,"1,466.04","42,739.35",49,0,0
2024-11-01,11:00:00,"1,463.24","16,810.27",40,0,0
2024-11-01,12:01:00,"1,463.24","16,810.27",40,0,0
2024-11-01,15:00:00,"1,464.17","32,809.34",79,0,0
2024-11-01,16:30:00,"1,464.17","32,809.34",79,0,0
2024-11-04,11:00:00,"1,464.21","15,489.01",19,0,0
2024-11-04,12:01:00,"1,464.21","15,489.01",19,0,0
2024-11-04,15:00:00,"1,462.95","28,397.32",57,0,0
2024-11-04,16:30:00,"1,462.95","28,397.32",57,0,0
2024-11-05,11:00:00,"1,474.97","19,113.62",73,0,0
2024-11-05,12:01:00,"1,474.97","19,113.62",73,0,0
2024-11-05,15:00:00,"1,481.67","39,287.25",77,0,0
2024-11-05,16:30:00,"1,481.67","39,287.25",77,0,0
2024-11-06,11:00:00,"1,483.15","21,597.63",57,0,0
2024-11-06,12:01:00,"1,483.15","21,597.63",57,0,0
2024-11-06,15:00:00,"1,467.42","57,225.82",25,0,0
2024-11-06,16:30:00,"1,467.42","57,225.82",25,0,0
2024-11-07,11:00:00,"1,473.65","31,967.62",57,0,0
2024-11-07,12:01:00,"1,473.65","31,967.62",57,0,0
2024-11-07,15:00:00,"1,469.72","55,536.51",26,0,0
2024-11-07,16:30:00,"1,469.72","55,536.51",26,0,0
2024-11-08,11:00:00,"1,460.20","26,063.58",3,0,0
2024-11-08,12:01:00,"1,460.20","26,063.58",3,0,0
2024-11-08,15:00:00,"1,464.69","49,115.58",95,0,0
2024-11-08,16:30:00,"1,464.69","49,115.58",95,0,0
2024-11-11,11:00:00,"1,456.99","19,988.24",98,0,0
2024-11-11,12:01:00,"1,456.99","19,988.24",98,0,0
2024-11-11,15:00:00,"1,456.47","39,743.10",73,0,0
2024-11-11,16:30:00,"1,456.47","39,743.10",73,0,0
2024-11-12,11:00:00,"1,449.86","19,178.00",68,0,0
2024-11-12,12:01:00,"1,449.86","19,178.00",68,0,0
2024-11-12,15:00:00,"1,445.07","42,634.33",74,0,0
2024-11-12,16:30:00,"1,445.07","42,634.33",74,0,0
2024-11-13,11:00:00,"1,457.51","24,213.04",13,0,0
2024-11-13,12:01:00,"1,457.51","24,213.04",13,0,0
2024-11-13,15:00:00,"1,451.47","45,866.84",76,0,0
2024-11-13,16:30:00,"1,451.47","45,866.84",76,0,0
2024-11-14,11:00:00,"1,450.88","29,288.12",88,0,0
2024-11-14,12:01:00,"1,450.88","29,288.12",88,0,0
2024-11-14,15:00:00,"1,450.12","59,320.35",20,0,0
2024-11-14,16:30:00,"1,450.12","59,320.35",20,0,0
2024-11-15,11:00:00,"1,444.81","24,775.36",15,0,0
2024-11-15,12:01:00,"1,444.81","24,775.36",15,0,0
2024-11-15,15:00:00,"1,442.63","48,853.08",33,0,0
2024-11-15,16:30:00,"1,442.63","48,853.08",33,0,0
2024-11-18,11:00:00,"1,453.90","22,503.07",3,0,0
2024-11-18,12:01:00,"1,453.90","22,503.07",3,0,0
2024-11-18,15:00:00,"1,452.78","38,350.45",80,0,0
2024-11-18,16:30:00,"1,452.78","38,350.45",80,0,0
2024-11-19,11:00:00,"1,467.75","25,383.86",53,0,0
2024-11-19,12:01:00,"1,467.75","25,383.86",53,0,0
2024-11-19,15:00:00,"1,460.11","46,004.96",14,0,0
2024-11-19,16:30:00,"1,460.11","46,004.96",14,0,0
2024-11-20,11:00:00,"1,456.88","17,935.78",85,0,0
2024-11-20,12:01:00,"1,456.88","17,935.78",85,0,0
2024-11-20,15:00:00,"1,462.48","34,727.84",87,0,0
2024-11-20,16:30:00,"1,462.48","34,727.84",87,0,0
2024-11-21,11:00:00,"1,443.79","24,221.65",91,0,0
2024-11-21,12:01:00,"1,443.79","24,221.65",91,0,0
2024-11-21,15:00:00,"1,440.46","41,514.94",64,0,0
2024-11-21,16:30:00,"1,440.46","41,514.94",64,0,0
2024-11-22,11:00:00,"1,448.91","26,863.52",13,0,0
2024-11-22,12:01:00,"1,448.91","26,863.52",13,0,0
2024-11-22,15:00:00,"1,446.30","45,654.73",4,0,0
2024-11-22,16:30:00,"1,446.30","45,654.73",4,0,0
2024-11-25,11:00:00,"1,446.79","18,011.28",91,0,0
2024-11-25,12:01:00,"1,446.79","18,011.28",91,0,0
2024-11-25,15:00:00,"1,443.31","50,418.01",18,0,0
2024-11-25,16:30:00,"1,443.31","50,418.01",18,0,0
2024-11-26,11:00:00,"1,443.35","18,409.81",59,0,0
2024-11-26,12:01:00,"1,443.35","18,409.81",59,0,0
2024-11-26,15:00:00,"1,438.25","37,178.68",58,0,0
2024-11-26,16:30:00,"1,438.25","37,178.68",58,0,0
2024-11-27,11:00:00,"1,428.28","18,803.47",83,0,0
2024-11-27,12:01:00,"1,428.28","18,803.47",83,0,0
2024-11-27,15:00:00,"1,430.40","36,673.57",3,0,0
2024-11-27,16:30:00,"1,430.40","36,673.57",3,0,0
2024-11-28,11:00:00,"1,425.97","16,296.77",76,0,0
2024-11-28,12:01:00,"1,425.97","16,296.77",76,0,0
2024-11-28,15:00:00,"1,428.01","35,571.54",11,0,0
2024-11-28,16:30:00,"1,428.01","35,571.54",11,0,0
2024-11-29,11:00:00,"1,430.05","19,301.72",51,0,0
2024-11-29,12:01:00,"1,430.05","19,301.72",51,0,0
2024-11-29,15:00:00,"1,427.54","40,195.91",45,0,0
2024-11-29,16:30:00,"1,427.54","40,195.91",45,0,0
2024-12-02,11:00:00,"1,429.20","16,122.91",2,0,0
2024-12-02,12:01:00,"1,429.20","16,122.91",2,0,0
2024-12-02,15:00:00,"1,437.11","35,255.14",15,0,0
2024-12-02,16:30:00,"1,437.11","35,255.14",15,0,0
2024-12-03,11:00:00,"1,448.95","23,876.40",56,0,0
2024-12-03,12:01:00,"1,448.95","23,876.40",56,0,0
2024-12-03,15:00:00,"1,454.76","46,701.92",61,0,0
2024-12-03,16:30:00,"1,454.76","46,701.92",61,0,0
2024-12-05,11:00:00,"1,450.82","37,977.55",27,0,0
2024-12-05,12:01:00,"1,450.82","37,977.55",27,0,0
2024-12-05,15:00:00,"1,450.82","37,977.55",27,0,0
2024-12-05,16:30:00,"1,450.82","37,977.55",27,0,0
2024-12-06,11:00:00,"1,450.70","25,602.23",2,0,0
2024-12-06,12:01:00,"1,450.70","25,602.23",2,0,0
2024-12-06,15:00:00,"1,451.96","43,688.43",68,0,0
2024-12-06,16:30:00,"1,451.96","43,688.43",68,0,0
2024-12-10,11:00:00,"1,447.53","35,890.72",30,0,0
2024-12-10,12:01:00,"1,447.53","35,890.72",30,0,0
2024-12-10,15:00:00,"1,447.53","35,890.72",30,0,0
2024-12-10,16:30:00,"1,447.53","35,890.72",30,0,0
2024-12-11,11:00:00,"1,447.64","19,422.78",42,0,0
2024-12-11,12:01:00,"1,447.64","19,422.78",42,0,0
2024-12-11,15:00:00,"1,443.05","36,085.26",55,0,0
2024-12-11,16:30:00,"1,443.05","36,085.26",55,0,0
2024-12-12,11:00:00,"1,447.27","20,666.28",76,0,0
2024-12-12,12:01:00,"1,447.27","20,666.28",76,0,0
2024-12-12,15:00:00,"1,439.89","41,406.39",96,0,0
2024-12-12,16:30:00,"1,439.89","41,406.39",96,0,0
2024-12-13,11:00:00,"1,435.32","21,189.81",29,0,0
2024-12-13,12:01:00,"1,435.32","21,189.81",29,0,0
2024-12-13,15:00:00,"1,431.67","40,324.87",74,0,0
2024-12-13,16:30:00,"1,431.67","40,324.87",74,0,0
2024-12-16,11:00:00,"1,418.49","20,781.36",91,0,0
2024-12-16,12:01:00,"1,418.49","20,781.36",91,0,0
2024-12-16,15:00:00,"1,419.72","40,481.64",21,0,0
2024-12-16,16:30:00,"1,419.72","40,481.64",21,0,0
2024-12-17,11:00:00,"1,410.54","25,212.72",42,0,0
2024-12-17,12:01:00,"1,410.54","25,212.72",42,0,0
2024-12-17,15:00:00,"1,395.57","55,294.45",74,0,0
2024-12-17,16:30:00,"1,395.57","55,294.45",74,0,0
2024-12-18,11:00:00,"1,399.50","25,435.47",5,0,0
2024-12-18,12:01:00,"1,399.50","25,435.47",5,0,0
2024-12-18,15:00:00,"1,398.95","47,817.65",57,0,0
2024-12-18,16:30:00,"1,398.95","47,817.65",57,0,0
2024-12-19,11:00:00,"1,392.40","23,022.71",2,0,0
2024-12-19,12:01:00,"1,392.40","23,022.71",2,0,0
2024-12-19,15:00:00,"1,377.53","49,259.21",39,0,0
2024-12-19,16:30:00,"1,377.53","49,259.21",39,0,0
2024-12-20,11:00:00,"1,364.05","26,821.35",51,0,0
2024-12-20,12:01:00,"1,364.05","26,821.35",51,0,0
2024-12-20,15:00:00,"1,365.07","60,033.65",73,0,0
2024-12-20,16:30:00,"1,365.07","60,033.65",73,0,0
2024-12-23,11:00:00,"1,371.04","19,426.06",46,0,0
2024-12-23,12:01:00,"1,371.04","19,426.06",46,0,0
2024-12-23,15:00:00,"1,386.91","43,625.40",15,0,0
2024-12-23,16:30:00,"1,386.91","43,625.40",15,0,0
2024-12-24,11:00:00,"1,396.74","16,910.99",40,0,0
2024-12-24,12:01:00,"1,396.74","16,910.99",40,0,0
2024-12-24,15:00:00,"1,394.67","30,447.81",77,0,0
2024-12-24,16:30:00,"1,394.67","30,447.81",77,0,0
2024-12-25,11:00:00,"1,399.02","15,606.00",26,0,0
2024-12-25,12:01:00,"1,399.02","15,606.00",26,0,0
2024-12-25,15:00:00,"1,400.85","28,672.75",52,0,0
2024-12-25,16:30:00,"1,400.85","28,672.75",52,0,0
2024-12-26,11:00:00,"1,395.83","11,439.29",39,0,0
2024-12-26,12:01:00,"1,395.83","11,439.29",39,0,0
2024-12-26,15:00:00,"1,397.80","24,087.54",7,0,0
2024-12-26,16:30:00,"1,397.80","24,087.54",7,0,0
2024-12-27,11:00:00,"1,403.62","12,486.97",26,0,0
2024-12-27,12:01:00,"1,403.62","12,486.97",26,0,0
2024-12-27,15:00:00,"1,401.46","29,889.62",69,0,0
2024-12-27,16:30:00,"1,401.46","29,889.62",69,0,0
2024-12-31,11:00:00,"1,400.21","31,885.91",15,0,0
2024-12-31,12:01:00,"1,400.21","31,885.91",15,0,0
2024-12-31,15:00:00,"1,400.21","31,885.91",15,0,0
2024-12-31,16:30:00,"1,400.21","31,885.91",15,0,0
2025-01-01,11:00:00,"1,400.21","31,885.91",15,0,0
2025-01-01,12:01:00,"1,400.21","31,885.91",15,0,0
2025-01-01,15:00:00,"1,400.21","31,885.91",15,0,0
2025-01-01,16:30:00,"1,400.21","31,885.91",15,0,0
2025-01-02,11:00:00,"1,381.25","20,307.54",57,0,0
2025-01-02,12:01:00,"1,381.25","20,307.54",57,0,0
2025-01-02,15:00:00,"1,379.85","36,852.83",52,0,0
2025-01-02,16:30:00,"1,379.85","36,852.83",52,0,0
2025-01-03,11:00:00,"1,383.92","15,125.42",25,0,0
2025-01-03,12:01:00,"1,383.92","15,125.42",25,0,0
2025-01-03,15:00:00,"1,384.76","29,604.22",64,0,0
2025-01-03,16:30:00,"1,384.76","29,604.22",64,0,0
2025-01-06,11:00:00,"1,379.07","20,539.70",79,0,0
2025-01-06,12:01:00,"1,379.07","20,539.70",79,0,0
2025-01-06,15:00:00,"1,372.65","37,212.83",52,0,0
2025-01-06,16:30:00,"1,372.65","37,212.83",52,0,0
2025-01-07,11:00:00,"1,384.55","17,949.48",59,0,0
2025-01-07,12:01:00,"1,384.55","17,949.48",59,0,0
2025-01-07,15:00:00,"1,390.88","39,006.62",86,0,0
2025-01-07,16:30:00,"1,390.88","39,006.62",86,0,0
2025-01-08,11:00:00,"1,391.38","15,994.84",84,0,0
2025-01-08,12:01:00,"1,391.38","15,994.84",84,0,0
2025-01-08,15:00:00,"1,387.72","35,326.19",26,0,0
2025-01-08,16:30:00,"1,387.72","35,326.19",26,0,0
2025-01-09,11:00:00,"1,372.61","22,595.17",15,0,0
2025-01-09,12:01:00,"1,372.61","22,595.17",15,0,0
2025-01-09,15:00:00,"1,362.97","46,868.24",78,0,0
2025-01-09,16:30:00,"1,362.97","46,868.24",78,0,0
2025-01-10,11:00:00,"1,362.62","22,211.98",21,0,0
2025-01-10,12:01:00,"1,362.62","22,211.98",21,0,0
2025-01-10,15:00:00,"1,367.99","42,718.70",98,0,0
2025-01-10,16:30:00,"1,367.99","42,718.70",98,0,0
2025-01-13,11:00:00,"1,357.06","20,625.46",65,0,0
2025-01-13,12:01:00,"1,357.06","20,625.46",65,0,0
2025-01-13,15:00:00,"1,354.34","42,966.31",46,0,0
2025-01-13,16:30:00,"1,354.34","42,966.31",46,0,0
2025-01-14,11:00:00,"1,349.82","32,094.64",24,0,0
2025-01-14,12:01:00,"1,349.82","32,094.64",24,0,0
2025-01-14,15:00:00,"1,340.25","56,434.55",54,0,0
2025-01-14,16:30:00,"1,340.25","56,434.55",54,0,0
2025-01-15,11:00:00,"1,342.93","20,231.12",31,0,0
2025-01-15,12:01:00,"1,342.93","20,231.12",31,0,0
2025-01-15,15:00:00,"1,353.17","44,216.57",76,0,0
2025-01-15,16:30:00,"1,353.17","44,216.57",76,0,0
2025-01-16,11:00:00,"1,348.55","20,269.60",59,0,0
2025-01-16,12:01:00,"1,348.55","20,269.60",59,0,0
2025-01-16,15:00:00,"1,352.56","40,377.07",67,0,0
2025-01-16,16:30:00,"1,352.56","40,377.07",67,0,0
2025-01-17,11:00:00,"1,350.58","16,593.16",83,0,0
2025-01-17,12:01:00,"1,350.58","16,593.16",83,0,0
2025-01-17,15:00:00,"1,340.63","37,538.15",38,0,0
2025-01-17,16:30:00,"1,340.63","37,538.15",38,0,0
2025-01-20,11:00:00,"1,342.34","13,695.37",45,0,0
2025-01-20,12:01:00,"1,342.34","13,695.37",45,0,0
2025-01-20,15:00:00,"1,340.50","25,982.06",2,0,0
2025-01-20,16:30:00,"1,340.50","25,982.06",2,0,0
2025-01-21,11:00:00,"1,355.00","19,622.25",2,0,0
2025-01-21,12:01:00,"1,355.00","19,622.25",2,0,0
2025-01-21,15:00:00,"1,352.53","38,004.05",34,0,0
2025-01-21,16:30:00,"1,352.53","38,004.05",34,0,0
2025-01-22,11:00:00,"1,359.68","21,212.78",82,0,0
2025-01-22,12:01:00,"1,359.68","21,212.78",82,0,0
2025-01-22,15:00:00,"1,361.77","43,896.02",76,0,0
2025-01-22,16:30:00,"1,361.77","43,896.02",76,0,0
2025-01-23,11:00:00,"1,356.17","16,398.82",78,0,0
2025-01-23,12:01:00,"1,356.17","16,398.82",78,0,0
2025-01-23,15:00:00,"1,344.17","34,420.86",70,0,0
2025-01-23,16:30:00,"1,344.17","34,420.86",70,0,0
2025-01-24,11:00:00,"1,347.06","15,180.18",60,0,0
2025-01-24,12:01:00,"1,347.06","15,180.18",60,0,0
2025-01-24,15:00:00,"1,354.07","30,792.25",72,0,0
2025-01-24,16:30:00,"1,354.07","30,792.25",72,0,0
2025-01-27,11:00:00,"1,349.09","15,125.32",95,0,0
2025-01-27,12:01:00,"1,349.09","15,125.32",95,0,0
2025-01-27,15:00:00,"1,340.94","30,685.23",45,0,0
2025-01-27,16:30:00,"1,340.94","30,685.23",45,0,0
2025-01-28,11:00:00,"1,338.13","17,236.21",36,0,0
2025-01-28,12:01:00,"1,338.13","17,236.21",36,0,0
2025-01-28,15:00:00,"1,345.77","36,715.88",75,0,0
2025-01-28,16:30:00,"1,345.77","36,715.88",75,0,0
2025-01-29,11:00:00,"1,342.96","14,932.47",62,0,0
2025-01-29,12:01:00,"1,342.96","14,932.47",62,0,0
2025-01-29,15:00:00,"1,343.19","27,349.69",99,0,0
2025-01-29,16:30:00,"1,343.19","27,349.69",99,0,0
2025-01-30,11:00:00,"1,335.29","16,729.73",99,0,0
2025-01-30,12:01:00,"1,335.29","16,729.73",99,0,0
2025-01-30,15:00:00,"1,335.64","29,535.48",45,0,0
2025-01-30,16:30:00,"1,335.64","29,535.48",45,0,0
2025-01-31,11:00:00,"1,324.13","24,165.27",35,0,0
2025-01-31,12:01:00,"1,324.13","24,165.27",35,0,0
2025-01-31,15:00:00,"1,314.50","53,362.68",2,0,0
2025-01-31,16:30:00,"1,314.50","53,362.68",2,0,0
2025-02-03,11:00:00,"1,290.04","33,365.21",45,0,0
2025-02-03,12:01:00,"1,290.04","33,365.21",45,0,0
2025-02-03,15:00:00,"1,304.39","54,212.17",92,0,0
2025-02-03,16:30:00,"1,304.39","54,212.17",92,0,0
2025-02-04,11:00:00,"1,306.65","20,493.76",53,0,0
2025-02-04,12:01:00,"1,306.65","20,493.76",53,0,0
2025-02-04,15:00:00,"1,301.02","41,678.41",28,0,0
2025-02-04,16:30:00,"1,301.02","41,678.41",28,0,0
2025-02-05,11:00:00,"1,289.94","20,712.90",42,0,0
2025-02-05,12:01:00,"1,289.94","20,712.90",42,0,0
2025-02-05,15:00:00,"1,286.74","42,226.09",46,0,0
2025-02-05,16:30:00,"1,286.74","42,226.09",46,0,0
2025-02-06,11:00:00,"1,281.73","19,235.92",35,0,0
2025-02-06,12:01:00,"1,281.73","19,235.92",35,0,0
2025-02-06,15:00:00,"1,262.07","48,143.21",73,0,0
2025-02-06,16:30:00,"1,262.07","48,143.21",73,0,0
2025-02-07,11:00:00,"1,263.08","25,068.16",88,0,0
2025-02-07,12:01:00,"1,263.08","25,068.16",88,0,0
2025-02-07,15:00:00,"1,282.09","57,593.92",93,0,0
2025-02-07,16:30:00,"1,282.09","57,593.92",93,0,0
2025-02-10,11:00:00,"1,272.91","24,931.85",11,0,0
2025-02-10,12:01:00,"1,272.91","24,931.85",11,0,0
2025-02-10,15:00:00,"1,270.49","43,206.59",96,0,0
2025-02-10,16:30:00,"1,270.49","43,206.59",96,0,0
2025-02-12,11:00:00,"1,283.97","39,035.49",75,0,0
2025-02-12,12:01:00,"1,283.97","39,035.49",75,0,0
2025-02-12,15:00:00,"1,283.97","39,035.49",75,0,0
2025-02-12,16:30:00,"1,283.97","39,035.49",75,0,0
2025-02-13,11:00:00,"1,294.85","26,931.53",51,0,0
2025-02-13,12:01:00,"1,294.85","26,931.53",51,0,0
2025-02-13,15:00:00,"1,284.11","53,123.74",13,0,0
2025-02-13,16:30:00,"1,284.11","53,123.74",13,0,0
2025-02-14,11:00:00,"1,281.75","19,469.26",59,0,0
2025-02-14,12:01:00,"1,281.75","19,469.26",59,0,0
2025-02-14,15:00:00,"1,272.10","50,036.21",6,0,0
2025-02-14,16:30:00,"1,272.10","50,036.21",6,0,0
2025-02-17,11:00:00,"1,248.39","33,866.09",96,0,0
2025-02-17,12:01:00,"1,248.39","33,866.09",96,0,0
2025-02-17,15:00:00,"1,256.48","56,346.06",86,0,0
2025-02-17,16:30:00,"1,256.48","56,346.06",86,0,0
2025-02-18,11:00:00,"1,260.85","22,746.65",56,0,0
2025-02-18,12:01:00,"1,260.85","22,746.65",56,0,0
2025-02-18,15:00:00,"1,257.48","47,358.57",88,0,0
2025-02-18,16:30:00,"1,257.48","47,358.57",88,0,0
2025-02-19,11:00:00,"1,261.91","26,684.55",14,0,0
2025-02-19,12:01:00,"1,261.91","26,684.55",14,0,0
2025-02-19,15:00:00,"1,262.27","52,617.62",77,0,0
2025-02-19,16:30:00,"1,262.27","52,617.62",77,0,0
2025-02-20,11:00:00,"1,255.62","27,358.66",28,0,0
2025-02-20,12:01:00,"1,255.62","27,358.66",28,0,0
2025-02-20,15:00:00,"1,245.61","56,186.43",16,0,0
2025-02-20,16:30:00,"1,245.61","56,186.43",16,0,0
2025-02-21,11:00:00,"1,247.47","26,501.77",71,0,0
2025-02-21,12:01:00,"1,247.47","26,501.77",71,0,0
2025-02-21,15:00:00,"1,246.21","48,456.57",16,0,0
2025-02-21,16:30:00,"1,246.21","48,456.57",16,0,0
2025-02-24,11:00:00,"1,230.69","22,049.20",99,0,0
2025-02-24,12:01:00,"1,230.69","22,049.20",99,0,0
2025-02-24,15:00:00,"1,235.85","42,206.62",56,0,0
2025-02-24,16:30:00,"1,235.85","42,206.62",56,0,0
2025-02-25,11:00:00,"1,217.68","26,548.52",88,0,0
2025-02-25,12:01:00,"1,217.68","26,548.52",88,0,0
2025-02-25,15:00:00,"1,206.39","50,189.15",99,0,0
2025-02-25,16:30:00,"1,206.39","50,189.15",99,0,0
2025-02-26,11:00:00,"1,217.06","25,258.10",68,0,0
2025-02-26,12:01:00,"1,217.06","25,258.10",68,0,0
2025-02-26,15:00:00,"1,231.14","62,528.51",48,0,0
2025-02-26,16:30:00,"1,231.14","62,528.51",48,0,0
2025-02-27,11:00:00,"1,220.37","32,718.92",78,0,0
2025-02-27,12:01:00,"1,220.37","32,718.92",78,0,0
2025-02-27,15:00:00,"1,215.73","56,035.29",35,0,0
2025-02-27,16:30:00,"1,215.73","56,035.29",35,0,0
2025-02-28,11:00:00,"1,195.26","29,025.74",65,0,0
2025-02-28,12:01:00,"1,195.26","29,025.74",65,0,0
2025-02-28,15:00:00,"1,203.72","74,436.98",26,0,0
2025-02-28,16:30:00,"1,203.72","74,436.98",26,0,0
2025-03-03,11:00:00,"1,193.83","23,463.48",33,0,0
2025-03-03,12:01:00,"1,193.83","23,463.48",33,0,0
2025-03-03,15:00:00,"1,188.41","45,011.92",11,0,0
2025-03-03,16:30:00,"1,188.41","45,011.92",11,0,0
2025-03-04,11:00:00,"1,191.91","18,368.56",18,0,0
2025-03-04,12:01:00,"1,191.91","18,368.56",18,0,0
2025-03-04,15:00:00,"1,177.64","42,016.45",46,0,0
2025-03-04,16:30:00,"1,177.64","42,016.45",46,0,0
2025-03-05,11:00:00,"1,190.10","19,869.31",9,0,0
2025-03-05,12:01:00,"1,190.10","19,869.31",9,0,0
2025-03-05,15:00:00,"1,206.96","50,706.03",66,0,0
2025-03-05,16:30:00,"1,206.96","50,706.03",66,0,0
2025-03-06,11:00:00,"1,203.60","26,132.13",2,0,0
2025-03-06,12:01:00,"1,203.60","26,132.13",2,0,0
2025-03-06,15:00:00,"1,189.55","47,199.92",59,0,0
2025-03-06,16:30:00,"1,189.55","47,199.92",59,0,0
2025-03-07,11:00:00,"1,194.92","18,176.08",26,0,0
2025-03-07,12:01:00,"1,194.92","18,176.08",26,0,0
2025-03-07,15:00:00,"1,202.03","37,805.49",35,0,0
2025-03-07,16:30:00,"1,202.03","37,805.49",35,0,0
2025-03-10,11:00:00,"1,187.27","16,247.13",77,0,0
2025-03-10,12:01:00,"1,187.27","16,247.13",77,0,0
2025-03-10,15:00:00,"1,177.44","34,257.69",47,0,0
2025-03-10,16:30:00,"1,177.44","34,257.69",47,0,0
2025-03-11,11:00:00,"1,169.99","20,005.44",95,0,0
2025-03-11,12:01:00,"1,169.99","20,005.44",95,0,0
2025-03-11,15:00:00,"1,187.63","49,522.05",32,0,0
2025-03-11,16:30:00,"1,187.63","49,522.05",32,0,0
2025-03-12,11:00:00,"1,170.60","20,693.96",3,0,0
2025-03-12,12:01:00,"1,170.60","20,693.96",3,0,0
2025-03-12,15:00:00,"1,160.06","46,281.66",61,0,0
2025-03-12,16:30:00,"1,160.06","46,281.66",61,0,0
2025-03-13,11:00:00,"1,162.97","17,838.40",78,0,0
2025-03-13,12:01:00,"1,162.97","17,838.40",78,0,0
2025-03-13,15:00:00,"1,159.64","32,461.80",41,0,0
2025-03-13,16:30:00,"1,159.64","32,461.80",41,0,0
2025-03-14,11:00:00,"1,171.44","17,921.88",41,0,0
2025-03-14,12:01:00,"1,171.44","17,921.88",41,0,0
2025-03-14,15:00:00,"1,173.76","38,598.05",68,0,0
2025-03-14,16:30:00,"1,173.76","38,598.05",68,0,0
2025-03-17,11:00:00,"1,172.42","20,846.18",26,0,0
2025-03-17,12:01:00,"1,172.42","20,846.18",26,0,0
2025-03-17,15:00:00,"1,170.20","35,904.16",4,0,0
2025-03-17,16:30:00,"1,170.20","35,904.16",4,0,0
2025-03-18,11:00:00,"1,178.32","18,630.04",20,0,0
2025-03-18,12:01:00,"1,178.32","18,630.04",20,0,0
2025-03-18,15:00:00,"1,176.17","39,013.98",73,0,0
2025-03-18,16:30:00,"1,176.17","39,013.98",73,0,0
2025-03-19,11:00:00,"1,190.86","22,661.26",61,0,0
2025-03-19,12:01:00,"1,190.86","22,661.26",61,0,0
2025-03-19,15:00:00,"1,189.66","42,722.37",62,0,0
2025-03-19,16:30:00,"1,189.66","42,722.37",62,0,0
2025-03-20,11:00:00,"1,194.69","19,982.30",92,0,0
2025-03-20,12:01:00,"1,194.69","19,982.30",92,0,0
2025-03-20,15:00:00,"1,181.71","44,627.97",17,0,0
2025-03-20,16:30:00,"1,181.71","44,627.97",17,0,0
2025-03-21,11:00:00,"1,183.29","19,958.57",98,0,0
2025-03-21,12:01:00,"1,183.29","19,958.57",98,0,0
2025-03-21,15:00:00,"1,186.61","47,293.40",13,0,0
2025-03-21,16:30:00,"1,186.61","47,293.40",13,0,0
2025-03-24,11:00:00,"1,183.72","10,383.20",23,0,0
2025-03-24,12:01:00,"1,183.72","10,383.20",23,0,0
2025-03-24,15:00:00,"1,190.06","23,373.33",63,0,0
2025-03-24,16:30:00,"1,190.06","23,373.33",63,0,0
2025-03-25,11:00:00,"1,183.87","16,925.17",75,0,0
2025-03-25,12:01:00,"1,183.87","16,925.17",75,0,0
2025-03-25,15:00:00,"1,184.93","30,766.38",36,0,0
2025-03-25,16:30:00,"1,184.93","30,766.38",36,0,0
2025-03-26,11:00:00,"1,191.10","13,997.86",7,0,0
2025-03-26,12:01:00,"1,191.10","13,997.86",7,0,0
2025-03-26,15:00:00,"1,190.36","26,578.82",68,0,0
2025-03-26,16:30:00,"1,190.36","26,578.82",68,0,0
2025-03-27,11:00:00,"1,189.17","15,062.46",72,0,0
2025-03-27,12:01:00,"1,189.17","15,062.46",72,0,0
2025-03-27,15:00:00,"1,187.90","27,605.35",5,0,0
2025-03-27,16:30:00,"1,187.90","27,605.35",5,0,0
2025-03-28,11:00:00,"1,181.93","14,080.95",30,0,0
2025-03-28,12:01:00,"1,181.93","14,080.95",30,0,0
2025-03-28,15:00:00,"1,175.45","17,293.46",53,0,0
2025-03-28,16:30:00,"1,175.45","17,293.46",53,0,0
2025-03-31,11:00:00,"1,158.04","23,430.93",40,0,0
2025-03-31,12:01:00,"1,158.04","23,430.93",40,0,0
2025-03-31,15:00:00,"1,158.09","40,260.73",90,0,0
2025-03-31,16:30:00,"1,158.09","40,260.73",90,0,0
2025-04-01,11:00:00,"1,173.83","13,920.33",30,0,0
2025-04-01,12:01:00,"1,173.83","13,920.33",30,0,0
2025-04-01,15:00:00,"1,168.02","26,391.17",21,0,0
2025-04-01,16:30:00,"1,168.02","26,391.17",21,0,0
2025-04-02,11:00:00,"1,171.06","11,737.23",67,0,0
2025-04-02,12:01:00,"1,171.06","11,737.23",67,0,0
2025-04-02,15:00:00,"1,172.69","24,952.72",92,0,0
2025-04-02,16:30:00,"1,172.69","24,952.72",92,0,0
2025-04-03,11:00:00,"1,172.69",0.00,90,0,0
2025-04-03,12:01:00,"1,172.69",0.00,90,0,0
2025-04-03,15:00:00,"1,161.81","41,064.80",14,0,0
2025-04-03,16:30:00,"1,161.81","41,064.80",14,0,0
2025-04-04,11:00:00,"1,131.56","27,775.88",65,0,0
2025-04-04,12:01:00,"1,131.56","27,775.88",65,0,0
2025-04-04,15:00:00,"1,125.21","48,286.09",16,0,0
2025-04-04,16:30:00,"1,125.21","48,286.09",16,0,0
2025-04-07,11:00:00,"1,125.21","48,338.49",18,0,0
2025-04-07,12:01:00,"1,125.21","48,338.49",18,0,0
2025-04-07,15:00:00,"1,125.21","48,338.49",18,0,0
2025-04-07,16:30:00,"1,125.21","48,338.49",18,0,0
2025-04-08,11:00:00,"1,077.48","39,711.85",81,0,0
2025-04-08,12:01:00,"1,077.48","39,711.85",81,0,0
2025-04-08,15:00:00,"1,074.59","66,714.48",94,0,0
2025-04-08,16:30:00,"1,074.59","66,714.48",94,0,0
2025-04-09,11:00:00,"1,065.61","21,518.27",18,0,0
2025-04-09,12:01:00,"1,065.61","21,518.27",18,0,0
2025-04-09,15:00:00,"1,088.18","50,884.78",84,0,0
2025-04-09,16:30:00,"1,088.18","50,884.78",84,0,0
2025-04-10,11:00:00,"1,136.58","27,795.60",85,0,0
2025-04-10,12:01:00,"1,136.58","27,795.60",85,0,0
2025-04-10,15:00:00,"1,133.95","50,222.48",52,0,0
2025-04-10,16:30:00,"1,133.95","50,222.48",52,0,0
2025-04-15,11:00:00,"1,128.66","34,692.72",62,0,0
2025-04-15,12:01:00,"1,128.66","34,692.72",62,0,0
2025-04-15,15:00:00,"1,128.66","34,692.72",62,0,0
2025-04-15,16:30:00,"1,128.66","34,692.72",62,0,0
2025-04-16,11:00:00,"1,128.14","21,550.77",40,0,0
2025-04-16,12:01:00,"1,128.14","21,550.77",40,0,0
2025-04-16,15:00:00,"1,138.90","41,200.11",0,0,0
2025-04-16,16:30:00,"1,138.90","41,200.11",0,0,0
2025-04-17,11:00:00,"1,137.81","15,465.75",15,0,0
2025-04-17,12:01:00,"1,137.81","15,465.75",15,0,0
2025-04-17,15:00:00,"1,141.28","29,646.08",86,0,0
2025-04-17,16:30:00,"1,141.28","29,646.08",86,0,0
2025-04-18,11:00:00,"1,145.16","13,789.28",69,0,0
2025-04-18,12:01:00,"1,145.16","13,789.28",69,0,0
2025-04-18,15:00:00,"1,150.95","27,673.54",53,0,0
2025-04-18,16:30:00,"1,150.95","27,673.54",53,0,0
2025-04-21,11:00:00,"1,147.16","15,405.07",65,0,0
2025-04-21,12:01:00,"1,147.16","15,405.07",65,0,0
2025-04-21,15:00:00,"1,134.71","32,465.37",15,0,0
2025-04-21,16:30:00,"1,134.71","32,465.37",15,0,0
2025-04-22,11:00:00,"1,134.65","17,824.64",54,0,0
2025-04-22,12:01:00,"1,134.65","17,824.64",54,0,0
2025-04-22,15:00:00,"1,144.05","35,686.26",56,0,0
2025-04-22,16:30:00,"1,144.05","35,686.26",56,0,0
2025-04-23,11:00:00,"1,156.81","20,917.01",17,0,0
2025-04-23,12:01:00,"1,156.81","20,917.01",17,0,0
2025-04-23,15:00:00,"1,153.77","38,224.25",74,0,0
2025-04-23,16:30:00,"1,153.77","38,224.25",74,0,0
2025-04-24,11:00:00,"1,150.40","23,268.26",8,0,0
2025-04-24,12:01:00,"1,150.40","23,268.26",8,0,0
2025-04-24,15:00:00,"1,146.86","40,586.85",66,0,0
2025-04-24,16:30:00,"1,146.86","40,586.85",66,0,0
2025-04-25,11:00:00,"1,157.04","17,494.44",44,0,0
2025-04-25,12:01:00,"1,157.04","17,494.44",44,0,0
2025-04-25,15:00:00,"1,159.00","33,120.92",0,0,0
2025-04-25,16:30:00,"1,159.00","33,120.92",0,0,0
2025-04-28,11:00:00,"1,161.70","15,275.83",5,0,0
2025-04-28,12:01:00,"1,161.70","15,275.83",5,0,0
2025-04-28,15:00:00,"1,159.53","28,459.22",39,0,0
2025-04-28,16:30:00,"1,159.53","28,459.22",39,0,0
2025-04-29,11:00:00,"1,158.10","15,628.97",8,0,0
2025-04-29,12:01:00,"1,158.10","15,628.97",8,0,0
2025-04-29,15:00:00,"1,171.12","35,334.16",24,0,0
2025-04-29,16:30:00,"1,171.12","35,334.16",24,0,0
2025-05-01,11:00:00,"1,197.26","54,394.52",64,0,0
2025-05-01,12:01:00,"1,197.26","54,394.52",64,0,0
2025-05-01,15:00:00,"1,197.26","54,394.52",64,0,0
2025-05-01,16:30:00,"1,197.26","54,394.52",64,0,0
2025-05-05,11:00:00,"1,198.98","45,633.02",83,0,0
2025-05-05,12:01:00,"1,198.98","45,633.02",83,0,0
2025-05-05,15:00:00,"1,198.98","45,633.02",83,0,0
2025-05-05,16:30:00,"1,198.98","45,633.02",83,0,0
2025-05-06,11:00:00,"1,196.09","21,509.76",99,0,0
2025-05-06,12:01:00,"1,196.09","21,509.76",99,0,0
2025-05-06,15:00:00,"1,187.86","43,577.28",67,0,0
2025-05-06,16:30:00,"1,187.86","43,577.28",67,0,0
2025-05-07,11:00:00,"1,207.89","24,685.93",95,0,0
2025-05-07,12:01:00,"1,207.89","24,685.93",95,0,0
